alpha3,Unnamed: 0,Entity,Population,YearPBO,PBO,Terrain Ruggedness,Urban %,Urban Agg %,RoadQuality,Km,Urb %,Average household size (number of members),National At Least Basic,National Limit (more than 30 mins),National Unimproved,National Surface Water,Nat Accesible On Premises,Nat Piped,Nat NonPiped,No. HPs,Year of HP estimate,2015 (C),No. HPs in 2015,Non-functional HPs,Functional HPS,Risk Score,alpha2,region,subregion,borders
ABW,0,Aruba,107195.0,,23.02333333333333,46.2,43.6969985961914,37.28411769866945,3.8333333333333335,3.783333333333333,43.0,2.89,98.0,0.0,2.0,0.0,96.0,94.0,4.0,,,,,,,0.0,AW,Americas,Caribbean,
AFG,1,Afghanistan,39835428.0,2011.0,31.82,251.8,26.0259990692139,10.8843231201172,4.574999999999999,3.7,26.0,8.04,75.0,1.0,15.0,9.0,48.0,22.0,54.0,,,,,,,0.0,AF,Asia,Southern Asia,"IRN,PAK,TKM,UZB,TJK,CHN"
AGO,2,Angola,33933611.0,2008.0,8.7,85.8,66.8249969482422,25.4372482299805,4.3999999999999995,4.2,67.0,4.82,57.0,9.0,19.0,14.0,39.0,42.0,24.0,4389.0,3862492.0,3862492.0,4389.0,1097.0,3292.0,0.0,AO,Africa,Middle Africa,"COG,COD,ZMB,NAM"
AIA,3,Anguilla,15125.0,,23.02333333333333,1.3,63.807524090721486,37.28411769866945,3.8333333333333335,3.7833333333333337,100.0,2.882666666666667,97.0,0.0,3.0,0.0,88.0,86.14285714285714,10.523809523809524,,,,,,,0.0,AI,Americas,Caribbean,
ALB,4,Albania,2872934.0,2008.0,21.4,342.7,62.1119995117188,29.6330699920654,3.9,2.8,62.0,3.3,95.0,2.0,3.0,0.0,82.0,81.0,16.0,,,,,,,0.0,AL,Europe,Southern Europe,"MNE,GRC,MKD"
AND,5,Andorra,77354.0,,62.025,571.7,87.9160003662109,24.456455230712898,6.25,2.9,88.0,2.455,100.0,0.0,0.0,0.0,100.0,100.0,0.0,,,,,,,0.0,AD,Europe,Southern Europe,"FRA,ESP"
ARE,6,United Arab Emirates,9991083.0,2002.0,66.35,76.9,87.0479965209961,61.7550086975098,6.1,176.0,87.0,6.81,100.0,0.0,0.0,0.0,99.0,100.0,0.0,,,,,,,0.0,AE,Asia,Western Asia,"OMN,SAU"
ARG,7,Argentina,45605823.0,2001.0,72.49,77.5,92.1110000610352,42.7819137573242,4.9,4.8,92.0,2.95,99.0,0.0,0.0,0.0,97.0,96.0,3.0,,,,,,,0.0,AR,Americas,South America,"BOL,BRA,CHL,PRY,URY"
ARM,8,Armenia,2968128.0,2010.0,4.0,268.8,63.3129997253418,36.6974716186523,3.6,2.15,63.0,3.54,100.0,0.0,0.0,0.0,100.0,100.0,0.0,,,,,,,0.0,AM,Asia,Western Asia,"AZE,GEO,IRN,TUR"
ASM,9,American Samoa,55103.0,,44.046666666666674,264.7,87.1529998779297,46.5285291671753,5.25,2.3,87.0,5.797499999999999,100.0,0.0,0.0,0.0,99.0,100.0,0.0,,,,,,,0.0,AS,Oceania,Polynesia,
ATG,10,Antigua and Barbuda,98728.0,,23.02333333333333,0.6,24.4330005645752,37.28411769866945,3.833333333333333,3.783333333333333,25.0,2.882666666666667,97.0,0.0,3.0,0.0,75.0,94.0,2.0,,,,,,,0.0,AG,Americas,Caribbean,
AUS,11,Australia,25788217.0,2000.0,57.99,14.3,86.2409973144531,61.2379684448242,5.6,2.3,86.0,2.55,100.0,0.0,0.0,0.0,97.0,91.0,9.0,,,,,,,0.0,AU,Oceania,Australia and New Zealand,
AUT,12,Austria,9043072.0,2002.0,84.85,351.3,58.7480010986328,21.7551460266113,5.9,2.4,59.0,2.27,100.0,0.0,0.0,0.0,100.0,99.42857142857143,0.42857142857142855,,,,,,,0.0,AT,Europe,Western Europe,"CZE,DEU,HUN,ITA,LIE,SVK,SVN,CHE"
AZE,13,Azerbaijan,10223344.0,2006.0,6.9,167.2,56.3969993591309,23.3000106811523,4.2,2.3,56.0,4.55,96.0,1.0,3.0,0.0,90.0,91.0,6.0,,,,,,,0.0,AZ,Asia,Western Asia,"ARM,GEO,IRN,RUS,TUR"
BDI,14,Burundi,12255429.0,2010.0,20.5,178.0,13.7080001831055,15.708880424499535,3.1,3.3,14.0,4.83,62.0,19.0,15.0,4.0,11.0,38.0,43.0,229.0,4470806.0,4687470.0,240.0,139.0,101.0,0.0,BI,Africa,Eastern Africa,"COD,RWA,TZA"
BEL,15,Belgium,11632334.0,2002.0,72.77,38.8,98.0790023803711,27.1465663909912,5.5,2.9,98.0,2.36,100.0,0.0,0.0,0.0,100.0,100.0,0.0,,,,,,,0.0,BE,Europe,Western Europe,"FRA,DEU,LUX,NLD"
BEN,16,Benin,12451031.0,2006.0,39.5,14.1,48.415000915527294,14.498357176780672,4.2,4.5,48.0,5.19,65.0,9.0,22.0,3.0,25.0,37.0,38.0,13003.0,2579406.0,2506177.0,12634.0,1516.0,11118.0,0.0,BJ,Africa,Western Africa,"BFA,NER,NGA,TGO"
BES,17,Bonaire Sint Eustatius and Saba,26445.0,,23.02333333333333,111.89565217391304,63.80752409072148,37.28411769866945,3.8333333333333335,3.783333333333333,61.68181818181818,2.882666666666667,95.9090909090909,0.9090909090909091,2.8181818181818183,0.3181818181818182,89.36363636363636,86.14285714285714,10.523809523809524,,,,,,,0.0,BQ,Americas,Caribbean,
BFA,18,Burkina Faso,21497097.0,2010.0,84.2,23.6,30.6070003509522,13.5582590103149,4.275,10.0,31.0,5.92,47.0,31.0,21.0,0.0,20.0,28.0,50.0,52596.0,8512737.0,8058463.0,49789.0,5477.0,44312.0,0.0,BF,Africa,Western Africa,"BEN,CIV,GHA,MLI,NER,TGO"
BGD,19,Bangladesh,166303494.0,2011.0,25.4,18.6,38.1769981384277,16.1595649719238,3.0,2.5,38.0,4.26,98.0,1.0,0.0,0.0,82.0,15.0,83.0,,,,,,,0.0,BD,Asia,Southern Asia,"MMR,IND"
BGR,20,Bulgaria,6896655.0,2000.0,22.62,147.9,75.6859970092773,18.66188621521,4.2,9.5,76.0,2.34,100.0,0.0,0.0,0.0,98.0,100.0,0.0,,,,,,,0.0,BG,Europe,Eastern Europe,"GRC,MKD,ROU,SRB,TUR"
BHR,21,Bahrain,1748295.0,,20.371,23.1,89.5059967041016,37.30735812868391,5.1,68.13181818181819,90.0,5.1621428571428565,100.0,0.0,0.0,0.0,99.0,86.0,12.666666666666666,,,,,,,0.0,BH,Asia,Western Asia,
BHS,22,Bahamas,396914.0,,23.02333333333333,5.5,83.245002746582,37.28411769866945,3.8333333333333335,3.7833333333333328,83.0,3.4,99.0,0.0,1.0,0.0,98.0,97.0,2.0,,,,,,,0.0,BS,Americas,Caribbean,
BIH,23,Bosnia and Herzegovina,3263459.0,2012.0,45.58,231.1,49.0200004577637,20.4252662658691,3.4,2.4,49.0,3.5,96.0,4.0,0.0,0.0,91.0,95.0,5.0,,,,,,,0.0,BA,Europe,Southern Europe,"HRV,MNE,SRB"
BLR,24,Belarus,9442867.0,2000.0,38.49,16.4,79.4830017089844,21.7567176818848,4.6,2.5,79.0,2.34,97.0,3.0,0.0,0.0,95.0,96.0,4.0,,,,,,,0.0,BY,Europe,Eastern Europe,"LVA,LTU,POL,RUS,UKR"
BLZ,25,Belize,404915.0,2011.0,70.92,60.7,46.0250015258789,29.16734313964845,4.1,3.85,46.0,3.75,98.0,1.0,0.0,0.0,97.0,87.0,13.0,,,,,,,0.0,BZ,Americas,Central America,"GTM,MEX"
BMU,26,Bermuda,62092.0,,62.085,1.5,100.0,46.20052909851075,6.1,3.2,100.0,2.26,100.0,0.0,0.0,0.0,100.0,100.0,0.0,,,,,,,0.0,BM,Americas,Northern America,
BOL,27,Bolivia,11832936.0,2008.0,36.6,85.3,70.1230010986328,41.9765739440918,3.3,5.5,70.0,3.53,93.0,0.0,2.0,5.0,86.0,69.0,25.0,,,,,,,0.0,BO,Americas,South America,"ARG,BRA,CHL,PRY,PER"
BRA,28,Brazil,213993441.0,2002.0,57.62,24.0,87.072998046875,42.4361419677734,3.9,4.5,87.0,3.31,100.0,0.0,0.0,1.0,100.0,98.0,1.0,,,,,,,0.0,BR,Americas,South America,"ARG,BOL,COL,GUF,GUY,PRY,PER,SUR,URY,VEN"
BRB,29,Barbados,287708.0,,23.023333333333333,96.3,31.1909999847412,37.28411769866945,3.8333333333333335,3.7833333333333328,31.0,2.85,99.0,0.0,1.0,0.0,98.0,99.0,0.0,,,,,,,0.0,BB,Americas,Caribbean,
BRN,30,Brunei,441532.0,,44.49,52.0,78.25,25.0510921478272,5.2,2.5,78.0,4.56,100.0,0.0,0.0,0.0,100.0,100.0,0.0,,,,,,,0.0,BN,Asia,South-Eastern Asia,MYS
BTN,31,Bhutan,779900.0,2010.0,6.18,674.0,42.3160018920898,22.937198638916,2.4,2.1,42.0,4.59,97.0,2.0,0.0,0.0,88.0,100.0,0.0,,,,,,,0.0,BT,Asia,Southern Asia,"CHN,IND"
BWA,32,Botswana,2397240.0,1997.0,20.42,18.1,70.8769989013672,20.5746208826701,5.3,29.0,71.0,3.52,92.0,5.0,2.0,1.0,82.0,91.0,6.0,,,156859.0,414.0,108.0,306.0,0.0,BW,Africa,Southern Africa,"NAM,ZAF,ZMB,ZWE"
CAF,33,Central African Republic,4919987.0,2006.0,18.89,19.7,42.1980018615723,28.409842872619645,3.0666666666666664,2.7,42.0,5.59,37.0,26.0,34.0,4.0,6.0,14.0,49.0,3177.0,1196004.0,1572640.0,4177.0,1044.0,3133.0,0.0,CF,Africa,Middle Africa,"CMR,TCD,COD,COG,SSD,SDN"
CAN,34,Canada,38067913.0,2000.0,67.28,77.5,81.5619964599609,45.8570976257324,5.9,2.8,82.0,2.45,100.0,0.0,0.0,0.0,100.0,100.0,0.0,,,,,,,0.0,CA,Americas,Northern America,USA
CHE,35,Switzerland,8715494.0,2000.0,73.43,476.1,73.9150009155273,16.1920166015625,5.8,2.5,74.0,2.21,100.0,0.0,0.0,0.0,100.0,100.0,0.0,,,,,,,0.0,CH,Europe,Western Europe,"AUT,FRA,ITA,LIE,DEU"
CHL,36,Chile,19212362.0,2002.0,53.1,248.1,87.7269973754883,35.4548988342285,5.7,3.2,88.0,3.04,100.0,0.0,0.0,0.0,100.0,100.0,0.0,,,,,,,0.0,CL,Americas,South America,"ARG,BOL,PER"
CHN,37,China,1444216102.0,2010.0,62.97,187.8,61.4280014038086,29.7063808441162,5.5,2.7,62.0,3.38,94.0,0.0,5.0,0.0,93.0,80.0,15.0,,,,,,,0.0,CN,Asia,Eastern Asia,"AFG,BTN,MMR,HKG,IND,KAZ,PRK,KGZ,LAO,MAC,MNG,PAK,RUS,TJK,VNM"
CIV,38,Cote d'Ivoire,27053629.0,2006.0,43.14,22.4,51.7060012817383,19.7931022644043,5.1,3.8,52.0,4.58,71.0,9.0,14.0,6.0,45.0,42.0,38.0,22807.0,4132116.0,4144538.0,22876.0,6863.0,16013.0,0.0,CI,Africa,Western Africa,"BFA,GHA,GIN,LBR,MLI"
CMR,39,Cameroon,27224262.0,2011.0,14.7,51.5,57.560001373291,29.2298336029053,3.0,3.5,58.0,4.99,66.0,13.0,15.0,6.0,35.0,36.0,43.0,11521.0,4102652.0,4345668.0,12203.0,3905.0,8298.0,0.0,CM,Africa,Middle Africa,"CAF,TCD,COG,GNQ,GAB,NGA"
COD,40,Democratic Republic of Congo,92377986.0,2010.0,21.26,44.3,45.6380004882813,24.9344806671143,3.0,2.9,46.0,5.17,46.0,13.0,33.0,8.0,19.0,35.0,24.0,2965.0,9449129.0,10679065.0,3351.0,838.0,2513.0,0.0,CD,Africa,Middle Africa,"AGO,BDI,CAF,COG,RWA,SSD,TZA,UGA,ZMB"
COG,41,Congo,5657017.0,2005.0,5.9,15.2,67.8290023803711,65.8223266601563,3.193333333333333,3.78,68.0,4.22,74.0,10.0,10.0,6.0,53.0,53.0,31.0,511.0,407678.0,695285.0,871.0,436.0,435.0,0.0,CG,Africa,Middle Africa,"AGO,CMR,CAF,COD,GAB"
COK,42,Cook Islands,17572.0,,44.046666666666674,96.0,50.8259998321533,46.5285291671753,5.25,2.3,75.0,5.797499999999999,100.0,0.0,0.0,0.0,87.0,89.0,11.0,,,,,,,0.0,CK,Oceania,Polynesia,
COL,43,Colombia,51265841.0,2010.0,33.3,88.5,81.4250030517578,44.3362922668457,3.3,3.1,81.0,3.53,97.0,0.0,0.0,1.0,96.0,89.0,9.0,,,,,,,0.0,CO,Americas,South America,"BRA,ECU,PAN,PER,VEN"
COM,44,Comoros,888456.0,2002.0,6.71,332.8,29.3799991607666,10.698160608609525,3.7916666666666665,13.507692307692308,29.0,5.37,80.0,11.0,9.0,0.0,65.0,59.0,32.0,,,,,,,0.0,KM,Africa,Eastern Africa,
CPV,45,Cape Verde,561901.0,,30.05,236.7,66.6520004272461,17.85392004709975,3.997727272727273,8.033333333333333,67.0,5.721999999999999,89.0,8.0,3.0,0.0,88.0,90.0,7.0,,,,,,,0.0,CV,Africa,Western Africa,
CRI,46,Costa Rica,5139053.0,1996.0,65.06,211.2,80.7710037231445,27.6422061920166,3.1,3.0,81.0,3.21,100.0,0.0,0.0,0.0,100.0,100.0,0.0,,,,,,,0.0,CR,Americas,Central America,"NIC,PAN"
CUB,47,Cuba,11317498.0,,23.02333333333333,52.8,77.1940002441406,18.934928894043,3.8333333333333335,3.5,77.0,2.71,97.0,1.0,1.0,0.0,93.0,80.0,19.0,,,,,,,0.0,CU,Americas,Caribbean,
CUW,48,Curacao,164796.0,,23.02333333333333,111.89565217391305,89.0619964599609,37.28411769866945,3.8333333333333335,3.783333333333333,61.68181818181819,2.882666666666667,95.9090909090909,0.9090909090909092,2.818181818181818,0.3181818181818182,89.36363636363637,86.14285714285714,10.523809523809524,,,,,,,0.0,CW,Americas,Caribbean,
CYM,49,Cayman Islands,66498.0,,23.023333333333333,9.6,100.0,37.28411769866944,3.833333333333334,3.783333333333333,100.0,2.8826666666666667,96.0,0.0,4.0,0.0,91.0,86.0,10.0,,,,,,,0.0,KY,Americas,Caribbean,
CYP,50,Cyprus,1215588.0,,53.55,271.8,66.8209991455078,27.2354297637939,5.1,2.4,67.0,2.75,100.0,0.0,0.0,0.0,100.0,100.0,0.0,,,,,,,0.0,CY,Europe,Southern Europe,GBR
CZE,51,Czechia,10724553.0,2002.0,42.76,88.4,74.0609970092773,12.2498035430908,5.1,2.6,74.0,2.4,100.0,0.0,0.0,0.0,98.0,100.0,0.0,,,,,,,0.0,CZ,Europe,Eastern Europe,"AUT,DEU,POL,SVK"
DEU,52,Germany,83900471.0,2002.0,76.6,59.7,77.4530029296875,9.67117595672607,6.1,2.8,77.0,2.05,100.0,0.0,0.0,0.0,100.0,100.0,0.0,,,,,,,0.0,DE,Europe,Western Europe,"AUT,BEL,CZE,DNK,FRA,LUX,NLD,POL,CHE"
DJI,53,Djibouti,1002197.0,2006.0,8.98,243.2,78.0619964599609,9.421260118484485,3.3,35.0,78.0,5.89,76.0,15.0,7.0,2.0,46.0,83.0,8.0,,,,,,,0.0,DJ,Africa,Eastern Africa,"ERI,ETH,SOM"
DMA,54,Dominica,72172.0,,23.02333333333333,0.3,71.0899963378906,37.28411769866944,3.8333333333333335,3.7833333333333337,70.0,2.8826666666666667,95.0,0.0,5.0,0.0,81.0,94.0,1.0,,,,,,,0.0,DM,Americas,Caribbean,
DNK,55,Denmark,5813302.0,2002.0,88.59,18.9,88.1159973144531,23.2200984954834,5.7,2.9,88.0,2.05,100.0,0.0,0.0,0.0,97.0,100.0,0.0,,,,,,,0.0,DK,Europe,Northern Europe,DEU
DOM,56,Dominican Republic,10953714.0,2007.0,1.5,164.1,82.5400009155273,30.9367256164551,4.6,3.9,83.0,3.09,97.0,0.0,1.0,2.0,95.0,81.0,16.0,,,,,,,0.0,DO,Americas,Caribbean,HTI
DZA,57,Algeria,44616626.0,,23.378000000000004,51.0,73.7330017089844,6.29616069793701,4.5,6.0,74.0,4.94,94.0,5.0,0.0,0.0,79.0,72.0,28.0,,,,,,,0.0,DZ,Africa,Northern Africa,"TUN,LBY,NER,ESH,MRT,MLI,MAR"
ECU,58,Ecuador,17888474.0,2002.0,61.27,127.8,64.1660003662109,27.6359119415283,4.6,3.6,64.0,3.78,95.0,0.0,3.0,2.0,95.0,91.0,5.0,,,,,,,0.0,EC,Americas,South America,"COL,PER"
EGY,59,Egypt,104258327.0,2008.0,9.8,72.3,42.7830009460449,25.6132392883301,4.2,2.2,43.0,4.13,100.0,0.0,0.0,0.0,98.0,100.0,0.0,,,,,,,0.0,EG,Africa,Northern Africa,"ISR,LBY,SDN"
ERI,60,Eritrea,3601462.0,2002.0,10.5,248.1,35.7709999084473,9.001200914382919,3.3,19.0,39.0,5.503333333333334,52.0,18.0,13.0,17.0,34.0,52.0,18.0,864.0,975624.0,464092.0,411.0,177.0,234.0,0.0,ER,Africa,Eastern Africa,"DJI,ETH,SDN"
ESH,61,Western Sahara,611872.0,,17.899333333333335,20.3,64.19733428955077,18.983195940653502,4.233333333333333,11.066666666666668,64.33333333333333,5.096666666666667,85.33333333333333,7.666666666666667,6.0,0.3333333333333333,68.66666666666667,68.33333333333333,25.0,,,,,,,0.0,EH,Africa,Northern Africa,"DZA,MRT,MAR"
ESP,62,Spain,46745211.0,2002.0,64.02,168.9,80.8099975585938,25.9704303741455,6.2,3.4,81.0,2.69,100.0,0.0,0.0,0.0,100.0,100.0,0.0,,,,,,,0.0,ES,Europe,Southern Europe,"AND,FRA,GIB,PRT,MAR"
EST,63,Estonia,1325188.0,2002.0,30.31,12.3,69.2289962768555,23.5873432159424,5.2,2.9,69.0,2.3,100.0,0.0,0.0,0.0,96.0,93.0,6.0,,,,,,,0.0,EE,Europe,Northern Europe,"LVA,RUS"
ETH,64,Ethiopia,117876226.0,2011.0,2.3,157.0,21.6949996948242,4.24643182754517,3.3,6.7,22.0,4.73,50.0,27.0,19.0,5.0,20.0,41.0,35.0,47974.0,19376530.0,29006747.0,71817.0,23700.0,48117.0,0.0,ET,Africa,Eastern Africa,"DJI,ERI,KEN,SOM,SSD,SDN"
FIN,65,Finland,5548361.0,2002.0,85.0,32.8,85.5169982910156,23.7853507995605,6.0,2.7,86.0,2.07,100.0,0.0,0.0,0.0,100.0,100.0,0.0,,,,,,,0.0,FI,Europe,Northern Europe,"NOR,SWE,RUS"
FJI,66,Fiji,902899.0,,11.66,139.6,57.2470016479492,46.5285291671753,5.25,2.1,57.0,4.57,94.0,0.0,3.0,2.0,71.0,83.0,11.0,,,,,,,0.0,FJ,Oceania,Melanesia,
FLK,67,Falkland Islands,3528.0,,47.17416666666668,26.4,74.98616631825765,39.82723369598388,4.08,4.720000000000001,79.0,3.5100000000000002,95.0,0.0,5.0,0.0,93.0,91.0,5.0,,,,,,,0.0,FK,Americas,South America,
FRA,68,France,65426177.0,2002.0,60.03,109.8,80.9749984741211,22.9424800872803,6.3,2.4,46.0,2.22,96.0,0.0,4.0,3.0,96.0,93.0,4.0,,,,,,,0.0,FR,Europe,Western Europe,"AND,BEL,DEU,ITA,LUX,MCO,ESP,CHE"
FRO,69,Faeroe Islands,49053.0,,58.86666666666666,225.3,42.3979988098145,22.56089428492954,5.25,2.93,42.0,2.277,100.0,0.0,0.0,0.0,100.0,100.0,0.0,,,,,,,0.0,FO,Europe,Northern Europe,
FSM,70,Micronesia (country),116255.0,,38.64888888888889,135.3,22.9330005645752,46.5285291671753,5.25,2.2666666666666666,23.0,5.9,88.0,0.0,12.0,0.0,62.0,44.0,44.0,,,,,,,0.0,FM,Oceania,Micronesia,
GAB,71,Gabon,2278829.0,2000.0,3.4,21.8,90.0920028686523,47.526080131530804,2.5,5.6,90.0,4.1,85.0,8.0,7.0,3.0,71.0,82.0,11.0,1158.0,84888.0,96954.0,1323.0,622.0,701.0,0.0,GA,Africa,Middle Africa,"CMR,COG,GNQ"
GBR,72,United Kingdom,68207114.0,2000.0,53.55,56.8,83.9029998779297,27.2354297637939,5.5,2.4,84.0,2.27,100.0,0.0,0.0,0.0,100.0,100.0,0.0,,,,,,,0.0,GB,Europe,Northern Europe,IRL
GEO,73,Georgia,3979773.0,2005.0,8.16,365.9,59.4529991149902,29.0637397766113,4.4,2.0,59.0,3.42,97.0,0.0,3.0,0.0,97.0,82.0,15.0,,,,,,,0.0,GE,Asia,Western Asia,"ARM,AZE,RUS,TUR"
GHA,74,Ghana,31732128.0,2008.0,33.86,22.8,57.3489990234375,19.0564785003662,4.0,4.0,57.0,3.83,86.0,7.0,3.0,5.0,41.0,35.0,58.0,32361.0,7704331.0,7517159.0,31575.0,8209.0,23366.0,0.0,GH,Africa,Western Africa,"BFA,CIV,TGO"
GIB,75,Gibraltar,33691.0,,64.02,781.1,100.0,25.9704303741455,6.2,3.4,100.0,2.69,100.0,0.0,0.0,0.0,100.0,100.0,0.0,,,,,,,0.0,GI,Europe,Southern Europe,ESP
GIN,76,Guinea,13497237.0,2005.0,25.0,74.0,36.875,14.7524194717407,4.0200000000000005,3.4,37.0,6.39,64.0,21.0,6.0,8.0,42.0,25.0,61.0,12815.0,4476494.0,4865346.0,13928.0,2507.0,11421.0,0.0,GN,Africa,Western Africa,"CIV,GNB,LBR,MLI,SEN,SLE"
GLP,77,Guadeloupe,400013.0,,23.02333333333333,118.8,63.80752409072149,37.28411769866945,3.8333333333333335,3.783333333333333,61.68181818181819,2.3,95.90909090909092,0.9090909090909092,2.8181818181818183,0.3181818181818182,89.36363636363637,86.14285714285715,10.523809523809524,,,,,,,0.0,GP,Americas,Caribbean,
GMB,78,Gambia,2486937.0,2006.0,44.24,35.3,62.5820007324219,18.7822742462158,4.5,3.5,63.0,8.07,81.0,9.0,10.0,0.0,45.0,77.0,13.0,1841.0,235434.0,235434.0,1841.0,847.0,994.0,0.0,GM,Africa,Western Africa,SEN
GNB,79,Guinea-Bissau,2015490.0,2006.0,35.73,49.1,44.1959991455078,16.76734685897825,4.11,3.0,44.0,6.81,59.0,14.0,27.0,0.0,24.0,35.0,38.0,3190.0,425647.0,526897.0,3949.0,1422.0,2527.0,0.0,GW,Africa,Western Africa,"GIN,SEN"
GNQ,80,Equatorial Guinea,1449891.0,,9.049999999999999,55.9,73.0999984741211,38.37795686721805,2.75,4.55,72.0,5.3,65.0,3.0,26.0,6.0,17.0,41.0,27.0,,,48864.0,129.0,34.0,95.0,0.0,GQ,Africa,Middle Africa,"CMR,GAB"
GRC,81,Greece,10370747.0,2002.0,30.12,310.3,79.7149963378906,29.6330699920654,4.7,7.5,80.0,2.44,100.0,0.0,0.0,0.0,100.0,100.0,0.0,,,,,,,0.0,GR,Europe,Southern Europe,"ALB,BGR,TUR,MKD"
GRD,82,Grenada,113015.0,,23.023333333333333,208.8,36.5369987487793,37.28411769866945,3.8333333333333335,3.783333333333333,36.0,2.8826666666666667,96.0,1.0,0.0,3.0,90.0,92.0,4.0,,,,,,,0.0,GD,Americas,Caribbean,
GRL,83,Greenland,56868.0,,62.085,41.0,87.2819976806641,46.20052909851075,6.1000000000000005,3.1999999999999997,87.0,2.365,100.0,0.0,0.0,0.0,97.0,100.0,0.0,,,,,,,0.0,GL,Americas,Northern America,
GTM,84,Guatemala,18249868.0,1998.0,26.7,180.7,51.8359985351563,17.372314453125,2.7,3.3,52.0,4.81,94.0,1.0,3.0,2.0,87.0,77.0,18.0,,,,,,,0.0,GT,Americas,Central America,"BLZ,SLV,HND,MEX"
GUF,85,French Guiana,306450.0,,48.019999999999996,20.5,76.61100006103516,42.4361419677734,3.9,4.5,86.0,3.45,94.0,0.0,6.0,0.0,91.0,88.0,6.0,,,,,,,0.0,GF,Americas,South America,"BRA,SUR"
GUM,86,Guam,170184.0,,38.64888888888889,66.6,94.9380035400391,46.5285291671753,5.25,2.2666666666666666,95.0,5.9,100.0,0.0,0.0,0.0,100.0,100.0,0.0,,,,,,,0.0,GU,Oceania,Micronesia,
GUY,87,Guyana,790329.0,2009.0,52.1,27.3,26.7859992980957,37.97577667236325,4.05,4.75,27.0,3.5,96.0,1.0,1.0,2.0,94.0,65.0,31.0,,,,,,,0.0,GY,Americas,South America,"BRA,SUR,VEN"
HKG,88,Hong Kong,7552800.0,,62.97,250.1,100.0,100.0,6.2,2.7,100.0,2.83,100.0,0.0,0.0,0.0,100.0,100.0,0.0,,,,,,,0.0,HK,Asia,Eastern Asia,CHN
HND,89,Honduras,10062994.0,2011.0,33.3,215.0,58.359001159668,14.7600116729736,3.8,2.9,58.0,3.87,96.0,0.0,4.0,0.0,89.0,92.0,5.0,,,,,,,0.0,HN,Americas,Central America,"GTM,SLV,NIC"
HRV,90,Croatia,4081657.0,2002.0,43.71,126.7,57.5530014038086,19.692573547363267,5.4,2.4,58.0,2.8,98.0,1.6,0.0,0.0,96.0,94.5,5.0,,,,,,,0.0,HR,Europe,Southern Europe,"BIH,HUN,MNE,SRB,SVN"
HTI,91,Haiti,11541683.0,2005.0,17.5,236.2,57.0880012512207,24.6397933959961,4.6,2.7,57.0,4.29,67.0,10.0,23.0,0.0,8.0,19.0,57.0,,,,,,,0.0,HT,Americas,Caribbean,DOM
HUN,92,Hungary,9634162.0,2002.0,34.12,34.6,71.9420013427734,18.2271881103516,5.0,2.8,72.0,2.6,100.0,0.0,0.0,0.0,100.0,100.0,0.0,,,,,,,0.0,HU,Europe,Eastern Europe,"AUT,HRV,ROU,SRB,SVK,SVN,UKR"
IDN,93,Indonesia,276361788.0,2007.0,47.2,96.7,56.640998840332,13.7600145339966,3.5,3.5,57.0,3.86,92.0,0.0,6.0,1.0,66.0,35.0,59.0,,,,,,,0.0,ID,Asia,South-Eastern Asia,"TLS,MYS,PNG"
IMN,94,Isle of Man,85410.0,,58.866666666666674,80.89999999999999,52.8979988098145,22.560894284929542,5.25,2.93,53.0,2.28,100.0,0.0,0.0,0.0,97.0,98.0,0.0,,,,,,,0.0,IM,Europe,Northern Europe,
IND,95,India,1393409033.0,2011.0,44.82,101.3,34.9259986877441,16.1680164337158,4.6,3.2,35.0,4.38,90.0,5.0,4.0,0.0,66.0,44.0,52.0,,,,,,,0.0,IN,Asia,Southern Asia,"AFG,BGD,BTN,MMR,CHN,NPL,PAK,LKA"
IRL,96,Ireland,4982904.0,2002.0,50.04,51.3,63.6529998779297,24.715482711792,5.3,2.4,64.0,2.83,97.0,0.0,3.0,0.0,97.0,97.0,0.0,,,,,,,0.0,IE,Europe,Northern Europe,GBR
IRN,97,Iran,85028760.0,,22.358571428571427,244.5,75.8740005493164,26.0583229064941,4.8,2.5749999999999997,76.0,3.2,97.0,2.0,0.0,0.0,94.0,99.0,0.0,,,,,,,0.0,IR,Asia,Southern Asia,"AFG,ARM,AZE,IRQ,PAK,TUR,TKM"
IRQ,98,Iraq,41179351.0,2011.0,23.28,67.0,70.8929977416992,25.2260589599609,5.159999999999999,2.0,71.0,6.35,98.0,0.0,0.0,0.0,94.0,83.0,16.0,,,,,,,0.0,IQ,Asia,Western Asia,"IRN,JOR,KWT,SAU,SYR,TUR"
ISL,99,Iceland,343360.0,,58.866666666666674,147.2,93.8980026245117,22.560894284929542,4.6,7.0,94.0,2.2769999999999997,100.0,0.0,0.0,0.0,100.0,100.0,0.0,,,,,,,0.0,IS,Europe,Northern Europe,
ISR,100,Israel,8789776.0,2002.0,35.25,170.5,92.5869979858398,57.9112014770508,5.5,12.0,93.0,3.14,100.0,0.0,0.0,0.0,100.0,100.0,0.0,,,,,,,0.0,IL,Asia,Western Asia,"EGY,JOR,LBN,SYR"
ITA,101,Italy,60367471.0,2002.0,65.63,245.8,71.0390014648438,19.2177715301514,5.3,2.6,71.0,2.4,100.0,0.0,0.0,0.0,98.0,98.0,1.0,,,,,,,0.0,IT,Europe,Southern Europe,"AUT,FRA,SMR,SVN,CHE,VAT"
JAM,102,Jamaica,2973462.0,,23.023333333333333,178.8,56.3110008239746,37.28411769866945,3.5,5.2,56.0,3.18,91.0,5.0,2.0,2.0,84.0,83.0,13.0,,,,,,,0.0,JM,Americas,Caribbean,
JOR,103,Jordan,10269022.0,1997.0,8.9,109.7,91.4179992675781,21.2498874664307,4.8,79.0,91.0,4.72,99.0,0.0,0.0,0.0,98.0,89.0,10.0,,,,,,,0.0,JO,Asia,Western Asia,"IRQ,ISR,SAU,SYR"
JPN,104,Japan,126050796.0,1989.0,70.88,213.2,91.7819976806641,65.0799789428711,5.7,2.2,92.0,2.33,100.0,0.0,0.0,0.0,99.0,98.0,1.0,,,,,,,0.0,JP,Asia,Eastern Asia,
KAZ,105,Kazakhstan,18994958.0,2011.0,24.78,37.2,57.6710014343262,16.5493507385254,4.1,2.7,58.0,3.44,95.0,2.0,3.0,0.0,89.0,81.0,16.0,,,,,,,0.0,KZ,Asia,Central Asia,"CHN,KGZ,RUS,TKM,UZB"
KEN,106,Kenya,54985702.0,2009.0,29.45,66.9,27.9950008392334,11.390362739563,4.3,3.7,28.0,3.75,62.0,10.0,10.0,19.0,33.0,33.0,39.0,18473.0,11978646.0,13050415.0,20126.0,4830.0,15296.0,0.0,KE,Africa,Eastern Africa,"ETH,SOM,SSD,TZA,UGA"
KGZ,107,Kyrgyzstan,6628347.0,2006.0,23.19,428.7,36.8559989929199,17.862860679626465,2.9,1.9,37.0,4.05,92.0,2.0,2.0,5.0,71.0,94.0,0.0,,,,,,,0.0,KG,Asia,Central Asia,"CHN,KAZ,TJK,UZB"
KHM,108,Cambodia,16946446.0,2010.0,65.5,54.0,24.2320003509522,12.6495399475098,3.6,3.0,24.0,4.61,71.0,14.0,6.0,9.0,48.0,32.0,53.0,,,,,,,0.0,KH,Asia,South-Eastern Asia,"LAO,THA,VNM"
KIR,109,Kiribati,121388.0,,38.64888888888889,1.0,55.5940017700195,46.5285291671753,5.25,2.2666666666666666,56.0,5.9,78.0,4.0,18.0,0.0,56.0,39.0,43.0,,,,,,,0.0,KI,Oceania,Micronesia,
KNA,110,Saint Kitts and Nevis,53546.0,,23.023333333333333,0.6,30.8430004119873,37.28411769866945,3.8812500000000005,3.783333333333333,31.0,2.8826666666666667,99.0,0.0,1.0,0.0,98.0,98.0,0.0,,,,,,,0.0,KN,Americas,Caribbean,
KOR,111,South Korea,51305184.0,2000.0,42.61,196.0,81.4140014648438,50.3586540222168,5.6,3.6,81.0,2.34,100.0,0.0,0.0,0.0,100.0,100.0,0.0,,,,,,,0.0,KR,Asia,Eastern Asia,PRK
KWT,112,Kuwait,4328553.0,,22.358571428571427,24.5,100.0,73.3960494995117,4.9,88.0,100.0,4.4,100.0,0.0,0.0,0.0,100.0,91.5,8.0,,,,,,,0.0,KW,Asia,Western Asia,"IRN,SAU"
LAO,113,Laos,7379358.0,2006.0,47.21,255.3,36.290000915527294,18.823171615600597,2.8,2.3,36.0,4.7,85.0,4.0,11.0,0.0,84.0,31.0,58.0,,,,,,,0.0,LA,Asia,South-Eastern Asia,"MMR,KHM,CHN,THA,VNM"
LBN,114,Lebanon,6769151.0,2011.0,10.1,419.7,88.9250030517578,35.967041015625,3.3,12.0,89.0,4.3950000000000005,93.0,7.0,0.0,0.0,90.0,89.0,11.0,,,,,,,0.0,LB,Asia,Western Asia,"ISR,SYR"
LBR,115,Liberia,5180208.0,2009.0,3.0,26.3,52.0890007019043,30.2898254394531,3.4,3.6,52.0,4.58,75.0,9.0,3.0,13.0,15.0,4.0,80.0,12684.0,1526658.0,1443089.0,11990.0,2398.0,9592.0,0.0,LR,Africa,Western Africa,"GIN,CIV,SLE"
LBY,116,Libya,6958538.0,,17.109666666666666,40.3,80.6910018920898,16.809741973877,4.025,233.0,81.0,5.0,100.0,0.0,0.0,0.0,90.0,78.0,22.0,,,,,,,0.0,LY,Africa,Northern Africa,"DZA,TCD,EGY,NER,SDN,TUN"
LCA,117,Saint Lucia,184401.0,,23.023333333333333,214.7,18.8409996032715,37.28411769866945,3.88125,3.783333333333333,19.0,2.89,97.0,2.0,1.0,0.0,94.0,97.0,2.0,,,,,,,0.0,LC,Americas,Caribbean,
LIE,118,Liechtenstein,38254.0,,79.14,532.0,14.4160003662109,18.9735813140869,5.85,2.45,14.0,2.26,100.0,0.0,0.0,0.0,100.0,100.0,0.0,,,,,,,0.0,LI,Europe,Western Europe,"AUT,CHE"
LKA,119,Sri Lanka,21497306.0,2002.0,44.69,65.0,18.7129993438721,16.1680164337158,4.2,3.4,19.0,4.38,92.0,0.0,5.0,2.0,78.0,39.0,53.0,,,,,,,0.0,LK,Asia,Southern Asia,IND
LSO,120,Lesotho,2159067.0,2009.0,2.1,620.2,29.0279998779297,36.1491355895996,3.5,2.4,29.0,3.73,72.0,10.0,12.0,5.0,29.0,69.0,14.0,831.0,338795.0,338795.0,831.0,216.0,615.0,0.0,LS,Africa,Southern Africa,ZAF
LTU,121,Lithuania,2689862.0,2000.0,38.94,17.5,68.0459976196289,16.691083590189635,5.5,2.2,68.0,2.32,98.0,0.0,2.0,0.0,95.0,96.0,2.0,,,,,,,0.0,LT,Europe,Northern Europe,"BLR,LVA,POL,RUS"
LUX,122,Luxembourg,634814.0,2002.0,64.04,88.1,91.4530029296875,19.92007414499919,5.6,3.5,91.0,2.41,100.0,0.0,0.0,0.0,100.0,100.0,0.0,,,,,,,0.0,LU,Europe,Western Europe,"BEL,FRA,DEU"
LVA,123,Latvia,1866934.0,2002.0,17.98,15.4,68.3150024414063,21.40562192598981,4.6,2.3,68.0,2.26,99.0,0.0,0.0,0.0,96.0,94.0,5.0,,,,,,,0.0,LV,Europe,Northern Europe,"BLR,EST,LTU,RUS"
MAC,124,Macao,658391.0,,62.97,73.2,100.0,29.7063808441162,5.5,2.7,100.0,3.07,100.0,0.0,0.0,0.0,100.0,100.0,0.0,,,,,,,0.0,MO,Asia,Eastern Asia,CHN
MAF,125,Saint Martin (French part),39239.0,,23.02333333333333,111.89565217391304,63.80752409072149,37.28411769866945,3.8812499999999996,3.7833333333333337,100.0,2.56,100.0,0.0,0.0,0.0,100.0,100.0,0.0,,,,,,,0.0,MF,Americas,Caribbean,
MAR,126,Morocco,37344787.0,2003.0,25.4,241.3,63.5320014953613,21.9153327941895,5.1,6.2,64.0,4.58,90.0,5.0,3.0,1.0,84.0,80.0,15.0,,,,,,,0.0,MA,Africa,Northern Africa,"DZA,ESH,ESP"
MCO,127,Monaco,39520.0,,60.03,661.2,100.0,22.9424800872803,6.3,2.4,100.0,2.13,100.0,0.0,0.0,0.0,100.0,100.0,0.0,,,,,,,0.0,MC,Europe,Western Europe,FRA
MDA,128,Moldova,4024025.0,2005.0,27.2,79.9,42.8489990234375,10.879498958587645,3.6,2.6,43.0,2.89,91.0,2.0,8.0,0.0,74.0,72.0,20.0,,,,,,,0.0,MD,Europe,Eastern Europe,"ROU,UKR"
MDG,129,Madagascar,28427333.0,2008.0,22.6,116.9,38.5340003967285,12.424409866333,2.2,13.507692307692308,39.0,4.5,53.0,3.0,32.0,12.0,23.0,35.0,21.0,15068.0,3532216.0,3163536.0,13495.0,2699.0,10796.0,0.0,MG,Africa,Eastern Africa,
MDV,130,Maldives,543620.0,2009.0,39.9,1.2,40.6689987182617,16.730195164680463,3.871875,2.796875,41.0,5.4,100.0,0.0,0.0,0.0,98.0,51.0,48.0,,,,,,,0.0,MV,Asia,Southern Asia,
MEX,131,Mexico,130262220.0,2010.0,32.88,173.2,80.7310028076172,40.9623718261719,5.5,4.4,81.0,3.75,100.0,0.0,0.0,0.0,96.0,98.0,2.0,,,,,,,0.0,MX,Americas,Central America,"BLZ,GTM,USA"
MHL,132,Marshall Islands,59618.0,,38.64888888888889,1.4,77.7939987182617,46.5285291671753,5.25,2.2666666666666666,78.0,5.900000000000001,89.0,11.0,0.0,0.0,83.0,31.0,69.0,,,,,,,0.0,MH,Oceania,Micronesia,
MKD,133,North Macedonia,2082661.0,2005.0,57.66,266.5,58.4819984436035,24.588323116302476,3.8,2.4,58.0,3.45,98.0,2.0,0.0,0.0,96.0,92.0,7.0,,,,,,,0.0,MK,Europe,Southern Europe,"ALB,BGR,GRC,SRB"
MLI,134,Mali,20855724.0,2006.0,46.2,14.7,43.9090003967285,13.009349822998,3.8,9.6,44.0,5.81,83.0,4.0,12.0,1.0,36.0,50.0,37.0,22147.0,5580145.0,5580145.0,22147.0,6423.0,15724.0,0.0,ML,Africa,Western Africa,"DZA,BFA,GIN,CIV,MRT,NER,SEN"
MLT,135,Malta,442790.0,1997.0,41.47,152.7,94.7440032958984,26.23601336912674,3.2,3.1999999999999997,95.0,2.85,100.0,0.0,0.0,0.0,100.0,100.0,0.0,,,,,,,0.0,MT,Europe,Southern Europe,
MMR,136,Myanmar,54806014.0,2002.0,52.84,198.8,31.1410007476807,12.5734386444092,4.119999999999999,2.2,31.0,4.22,84.0,2.0,5.0,10.0,64.0,33.0,52.0,,,,,,,0.0,MM,Asia,South-Eastern Asia,"BGD,CHN,IND,LAO,THA"
MNE,137,Montenegro,628051.0,2005.0,29.36,241.75,67.4879989624023,23.58480823040006,2.9,2.5,67.0,3.29,99.0,0.0,0.0,0.0,98.0,89.0,10.0,,,,,,,0.0,ME,Europe,Southern Europe,"ALB,BIH,HRV,MKD"
MNG,138,Mongolia,3329282.0,2005.0,15.77,105.7,68.6569976806641,48.5158920288086,3.4,2.8,69.0,3.63,85.0,2.0,7.0,6.0,30.0,25.0,63.0,,,,,,,0.0,MN,Asia,Eastern Asia,"CHN,RUS"
MNP,139,Northern Mariana Islands,57910.0,,38.64888888888889,170.0,91.7979965209961,46.5285291671753,5.25,2.2666666666666666,92.0,5.900000000000001,100.0,0.0,0.0,0.0,94.0,90.0,10.0,,,,,,,0.0,MP,Oceania,Micronesia,
MOZ,140,Mozambique,32163045.0,2008.0,40.05,61.2,37.0740013122559,8.92312240600586,3.4,3.2,37.0,4.52,63.0,10.0,17.0,10.0,33.0,41.0,33.0,14205.0,5266446.0,6852638.0,18483.0,3697.0,14786.0,0.0,MZ,Africa,Eastern Africa,"MWI,ZAF,SWZ,TZA,ZMB,ZWE"
MRT,141,Mauritania,4775110.0,2002.0,4.92,11.5,55.3269996643066,28.738094329834,3.1,21.0,55.0,5.77,72.0,13.0,15.0,0.0,43.0,53.0,32.0,1190.0,359414.0,491544.0,1627.0,879.0,748.0,0.0,MR,Africa,Western Africa,"DZA,MLI,SEN,ESH"
MSR,142,Montserrat,4981.0,,23.023333333333333,339.5,63.80752409072149,37.28411769866945,3.88125,3.7833333333333337,9.0,2.8826666666666667,98.0,0.0,2.0,0.0,98.0,98.0,0.0,,,,,,,0.0,MS,Americas,Caribbean,
MTQ,143,Martinique,374743.0,,23.023333333333333,120.6,63.807524090721486,37.28411769866945,3.88125,3.7833333333333337,61.68181818181818,2.25,95.90909090909092,0.9090909090909091,2.8181818181818183,0.3181818181818182,89.36363636363636,86.14285714285714,10.523809523809524,,,,,,,0.0,MQ,Americas,Caribbean,
MUS,144,Mauritius,1273428.0,2002.0,75.34,94.9,40.7599983215332,10.499903262986082,4.7,13.507692307692308,41.0,3.48,100.0,0.0,0.0,0.0,100.0,100.0,0.0,,,,,,,0.0,MU,Africa,Eastern Africa,
MWI,145,Malawi,19647681.0,2010.0,43.8,102.7,17.4270000457764,5.95923233032227,3.9,2.5,17.0,4.28,70.0,22.0,6.0,2.0,18.0,22.0,70.0,24769.0,7018868.0,10828276.0,38212.0,8407.0,29805.0,0.0,MW,Africa,Eastern Africa,"MOZ,TZA,ZMB"
MYS,146,Malaysia,32776195.0,2002.0,44.49,100.9,77.1600036621094,25.0510921478272,4.0,2.5,77.0,4.56,97.0,0.0,3.0,0.3333333333333333,94.0,95.0,2.0,,,,,,,0.0,MY,Asia,South-Eastern Asia,"BRN,IDN,THA"
MYT,147,Mayotte,279507.0,,26.305000000000003,267.3,35.21041174495923,10.49990326298608,3.726111111111111,13.507692307692308,38.94444444444444,4.05,68.11111111111111,13.5,12.333333333333334,6.277777777777778,41.166666666666664,50.22222222222222,31.333333333333332,,,,,,,0.0,YT,Africa,Eastern Africa,
NAM,148,Namibia,2587344.0,2006.0,15.2,91.3,52.0330009460449,24.379891077677428,5.9,25.0,52.0,4.24,84.0,7.0,4.0,5.0,62.0,81.0,10.0,931.0,250949.0,288561.0,1071.0,578.0,493.0,0.0,,Africa,Southern Africa,"AGO,BWA,ZAF,ZMB"
NCL,149,New Caledonia,288217.0,,11.66,158.6,71.5179977416992,46.5285291671753,5.25,2.1,72.0,5.026666666666666,100.0,0.0,0.0,0.0,100.0,99.0,0.0,,,,,,,0.0,NC,Oceania,Melanesia,
NER,150,Niger,25130810.0,2006.0,10.2,17.8,16.6259994506836,5.3149495124816895,3.971428571428572,30.0,17.0,5.92,47.0,22.0,27.0,4.0,17.0,40.0,29.0,10072.0,4565878.0,4565878.0,10072.0,1511.0,8561.0,0.0,NE,Africa,Western Africa,"DZA,BEN,BFA,TCD,LBY,MLI,NGA"
NGA,151,Nigeria,211400704.0,2011.0,21.57,31.2,51.9580001831055,17.011302947998,3.8,3.5,52.0,4.66,78.0,5.0,12.0,6.0,29.0,10.0,72.0,26423.0,34256716.0,52581247.0,40557.0,17034.0,23523.0,0.0,NG,Africa,Western Africa,"BEN,CMR,TCD,NER"
NIC,152,Nicaragua,6702379.0,2005.0,31.99,99.2,59.0120010375977,16.0079383850098,3.7,4.3,59.0,4.92,82.0,2.0,14.0,3.0,79.0,70.0,13.0,,,,,,,0.0,NI,Americas,Central America,"CRI,HND"
NIU,153,Niue,1614.0,,44.046666666666674,17.7,50.82599983215329,46.5285291671753,5.25,2.3,46.0,5.797499999999999,97.0,0.0,3.0,0.0,94.0,97.0,0.0,,,,,,,0.0,NU,Oceania,Polynesia,
NLD,154,Netherlands,17173094.0,2002.0,89.48,3.7,92.2360000610352,12.4136066436768,6.0,2.2,100.0,2.23,95.0,0.0,5.0,0.0,93.0,91.0,5.0,,,,,,,0.0,NL,Europe,Western Europe,"BEL,DEU"
NOR,155,Norway,5465629.0,2002.0,80.51,240.9,82.9739990234375,19.4723453521729,4.0,2.3,83.0,2.22,100.0,0.0,0.0,0.0,100.0,100.0,0.0,,,,,,,0.0,NO,Europe,Northern Europe,"FIN,SWE,RUS"
NPL,156,Nepal,29674920.0,2011.0,39.7,504.3,20.576000213623,4.95995616912842,3.0,2.2,21.0,4.25,90.0,4.0,5.0,1.0,69.0,50.0,44.0,,,,,,,0.0,NP,Asia,Southern Asia,"CHN,IND"
NRU,157,Nauru,10873.0,,38.64888888888889,31.1,100.0,46.5285291671753,5.25,2.2666666666666666,100.0,5.900000000000001,100.0,0.0,0.0,0.0,100.0,53.0,47.0,,,,,,,0.0,NR,Oceania,Micronesia,
NZL,158,New Zealand,4860642.0,1992.0,62.49,203.8,86.6989974975586,31.8190898895264,4.9,2.5,87.0,2.6,100.0,0.0,0.0,0.0,100.0,100.0,0.0,,,,,,,0.0,NZ,Oceania,Australia and New Zealand,
OMN,159,Oman,5223376.0,,37.834999999999994,110.9,86.2760009765625,30.4396896362305,6.0,34.0,86.0,8.02,92.0,8.0,0.0,0.0,91.0,96.0,4.0,,,,,,,0.0,OM,Asia,Western Asia,"SAU,ARE,YEM"
PAK,160,Pakistan,225199929.0,2010.0,45.96,194.9,37.165000915527294,20.5061626434326,4.4,2.7,37.0,6.8,90.0,4.0,4.0,2.0,71.0,26.0,68.0,,,,,,,0.0,PK,Asia,Southern Asia,"AFG,CHN,IND,IRN"
PAN,161,Panama,4381583.0,2000.0,42.6,154.0,68.4140014648438,43.3382263183594,4.4,3.0,68.0,3.64,94.0,2.0,2.0,1.0,94.0,93.0,3.0,,,,,,,0.0,PA,Americas,Central America,"COL,CRI"
PER,162,Peru,33359415.0,2007.0,21.6,134.7,78.2969970703125,32.6231498718262,3.5,3.7,78.0,3.46,93.0,0.0,4.0,2.0,86.0,90.0,4.0,,,,,,,0.0,PE,Americas,South America,"BOL,BRA,CHL,COL,ECU"
PHL,163,Philippines,111046910.0,2008.0,23.5,202.8,47.4080009460449,14.4308032989502,2.7,2.3,47.0,4.23,94.0,3.0,3.0,0.0,80.0,66.0,31.0,,,,,,,0.0,PH,Asia,South-Eastern Asia,
PLW,164,Palau,18174.0,,38.6488888888889,47.5,80.9879989624023,46.5285291671753,5.25,2.266666666666666,81.0,5.900000000000001,100.0,0.0,0.0,0.0,91.0,86.0,14.0,,,,,,,0.0,PW,Oceania,Micronesia,
PNG,165,Papua New Guinea,9119005.0,,47.2,158.9,13.3450002670288,13.7600145339966,3.5,2.1,13.0,5.43,45.0,2.0,22.0,30.0,33.0,18.0,29.0,,,,,,,0.0,PG,Oceania,Melanesia,IDN
POL,166,Poland,37797000.0,2000.0,68.85,29.7,60.0429992675781,4.7291898727417,4.8,2.8,60.0,2.81,100.0,0.0,0.0,0.0,98.0,89.0,11.0,,,,,,,0.0,PL,Europe,Eastern Europe,"BLR,CZE,DEU,LTU,RUS,SVK,UKR"
PRI,167,Puerto Rico,2828246.0,,23.023333333333333,144.7,93.5810012817383,74.6250228881836,3.8812499999999996,2.6,94.0,2.67,100.0,0.0,0.0,0.0,100.0,100.0,0.0,,,,,,,0.0,PR,Americas,Caribbean,
PRK,168,North Korea,25887045.0,,42.81,252.1,62.3810005187988,12.0064430236816,5.1000000000000005,2.9,81.0,3.93,100.0,0.0,0.0,0.0,100.0,100.0,0.0,,,,,,,0.0,KP,Asia,Eastern Asia,"CHN,KOR,RUS"
PRT,169,Portugal,10167923.0,2002.0,39.22,130.4,66.3099975585938,41.7733268737793,6.2,3.7,66.0,2.66,100.0,0.0,0.0,0.0,100.0,100.0,0.0,,,,,,,0.0,PT,Europe,Southern Europe,ESP
PRY,170,Paraguay,7219641.0,2002.0,38.6,24.5,62.1829986572266,47.0125885009766,3.0,4.1,62.0,3.87,100.0,0.0,0.0,0.0,96.0,100.0,0.0,,,,,,,0.0,PY,Americas,South America,"ARG,BOL,BRA"
PSE,171,Palestine,5222756.0,,17.983333333333334,277.5,76.7190017700195,34.924776077270536,4.833333333333333,31.066666666666666,77.0,5.06,98.0,1.0,1.0,0.0,92.0,54.0,45.0,,,,,,,0.0,PS,Asia,Western Asia,"ISR,JOR,EGY"
PYF,172,French Polynesia,282534.0,,44.046666666666674,207.2,61.9749984741211,46.5285291671753,5.25,2.3,62.0,5.7975,100.0,0.0,0.0,0.0,98.0,100.0,0.0,,,,,,,0.0,PF,Oceania,Polynesia,
QAT,173,Qatar,2930524.0,,,18.1,99.2350006103516,47.98876953125,5.3,185.0,99.0,4.67,100.0,0.0,0.0,0.0,96.0,100.0,0.0,,,,,,,0.0,QA,Asia,Western Asia,SAU
REU,174,Reunion,901696.0,,26.305000000000003,387.3,35.210411744959224,10.49990326298608,3.726111111111111,13.507692307692308,100.0,2.64,100.0,0.0,0.0,0.0,100.0,100.0,0.0,,,,,,,0.0,RE,Africa,Eastern Africa,
ROU,175,Romania,19127772.0,,31.085,126.7,54.1940002441406,9.36650657653809,3.8,2.4,54.0,2.88,100.0,0.0,0.0,0.0,82.0,64.0,36.0,,,,,,,0.0,RO,Europe,Eastern Europe,"BGR,HUN,MDA,SRB,UKR"
RUS,176,Russia,145912022.0,2002.0,22.85,94.0,74.7539978027344,23.5873432159424,4.2,2.6,75.0,2.58,97.0,0.0,2.0,0.42857142857142855,76.0,94.0,4.0,,,,,,,0.0,RU,Europe,Eastern Europe,"AZE,BLR,CHN,EST,FIN,GEO,KAZ,PRK,LVA,LTU,MNG,NOR,POL,UKR"
RWA,177,Rwanda,13276517.0,2010.0,15.2,330.9,17.431999206543,8.8113956451416,3.8,4.3,17.0,4.28,60.0,22.0,13.0,4.0,12.0,38.0,44.0,1171.0,3073376.0,3817964.0,1455.0,233.0,1222.0,0.0,RW,Africa,Eastern Africa,"BDI,COD,TZA,UGA"
SAU,178,Saudi Arabia,35340680.0,,28.0072619047619,91.4,84.2870025634766,47.98876953125,5.9,223.0,84.0,5.6,100.0,0.0,0.0,0.0,100.0,84.0,16.0,,,,,,,0.0,SA,Asia,Western Asia,"IRQ,JOR,KWT,OMN,QAT,ARE,YEM"
SDN,179,Sudan,44909351.0,2008.0,7.61,44.2,35.2529983520508,13.3359107971191,3.515277777777778,20.0,35.0,5.89,60.0,27.0,4.0,9.0,39.0,46.0,41.0,12058.0,9529205.0,12225957.0,15470.0,5415.0,10055.0,0.0,SD,Africa,Northern Africa,"CAF,TCD,EGY,ERI,ETH,LBY,SSD"
SEN,180,Senegal,17196308.0,2010.0,16.6,24.4,48.1220016479492,18.7822742462158,4.2,14.0,48.0,8.66,85.0,2.0,13.0,0.0,73.0,75.0,12.0,2903.0,1034549.0,1034665.0,2903.0,639.0,2264.0,0.0,SN,Africa,Western Africa,"GMB,GIN,GNB,MLI,MRT"
SGP,181,Singapore,5896684.0,,46.246,1.6,100.0,100.0,6.3,6.6,100.0,2.95,100.0,0.0,0.0,0.0,100.0,100.0,0.0,,,,,,,0.0,SG,Asia,South-Eastern Asia,
SHN,182,Saint Helena,6095.0,,30.050000000000004,386.3,47.00850021839142,17.844031360286913,4.004943722943723,8.033333333333333,40.0,5.7219999999999995,100.0,0.0,0.0,0.0,99.0,98.0,0.0,,,,,,,0.0,SH,Africa,Western Africa,
SLB,183,Solomon Islands,703995.0,,20.545,154.0,24.6700000762939,35.60569095611573,4.666666666666667,2.1,25.0,5.026666666666667,67.0,6.0,21.0,6.0,52.0,46.0,27.0,,,,,,,0.0,SB,Oceania,Melanesia,
SLE,184,Sierra Leone,8141343.0,2010.0,10.25,49.8,42.9230003356934,15.1876306533813,3.6,3.2,43.0,5.29,64.0,9.0,16.0,12.0,16.0,21.0,52.0,11895.0,1461299.0,1394525.0,11351.0,2838.0,8513.0,0.0,SL,Africa,Western Africa,"GIN,LBR"
SLV,185,El Salvador,6518500.0,,30.0,175.0,73.4440002441406,16.9858112335205,4.2,2.9,73.0,3.92,98.0,0.0,0.0,2.0,92.0,91.0,7.0,,,,,,,0.0,SV,Americas,Central America,"GTM,HND"
SMR,186,San Marino,34010.0,,65.63,180.2,97.4990005493164,19.2177715301514,5.3,2.6,97.0,2.4,100.0,0.0,0.0,0.0,100.0,100.0,0.0,,,,,,,0.0,SM,Europe,Southern Europe,ITA
SOM,187,Somalia,16359500.0,2006.0,1.85,65.0,46.140998840332,14.5960884094238,3.633333333333333,85.0,46.0,6.16,56.0,28.0,13.0,2.0,36.0,47.0,37.0,712.0,1062900.0,1944604.0,1303.0,208.0,1095.0,0.0,SO,Africa,Eastern Africa,"DJI,ETH,KEN"
SPM,188,Saint Pierre and Miquelon,5771.0,,62.08500000000001,83.3,87.8769989013672,46.20052909851075,6.1000000000000005,3.1999999999999997,90.0,2.26,91.0,0.0,9.0,0.0,83.0,91.0,0.0,,,,,,,0.0,PM,Americas,Northern America,
SRB,189,Serbia,8697547.0,,35.691874999999996,167.3,56.4459991455078,20.4252662658691,4.2,3.4000000000000004,56.0,2.85,95.0,4.0,0.0,0.0,93.0,94.0,5.0,,,,,,,0.0,RS,Europe,Eastern Europe,"HUN,ROU,BGR,MKD,HRV,BIH,MNE,ALB"
SSD,190,South Sudan,11381377.0,2008.0,25.1,70.56666666666666,20.1989994049072,14.94659008979798,3.5469907407407413,6.55,20.0,5.98,41.0,37.0,14.0,8.0,3.0,4.0,74.0,11790.0,5098594.0,7111235.0,16444.0,3289.0,13155.0,0.0,SS,Africa,Middle Africa,"CAF,COD,ETH,KEN,SDN,UGA"
STP,191,Sao Tome and Principe,223364.0,2008.0,13.6,234.7,74.3539962768555,31.490113528569573,3.1841100823045263,4.975555555555555,74.0,4.06,78.0,20.0,0.0,1.0,36.0,97.0,1.0,,,,,,,0.0,ST,Africa,Middle Africa,
SUR,192,Suriname,591798.0,2010.0,38.42,30.7,66.1490020751953,36.44763517379759,4.5375,4.0375,66.0,3.86,98.0,1.0,0.0,0.0,96.0,80.0,19.0,,,,,,,0.0,SR,Americas,South America,"BRA,GUF,FRA,GUY"
SVK,193,Slovakia,5460726.0,2002.0,55.89,156.0,53.7599983215332,13.870763778686518,4.8,2.4,54.0,2.8,100.0,0.0,0.0,0.0,100.0,98.0,2.0,,,,,,,0.0,SK,Europe,Eastern Europe,"AUT,CZE,HUN,POL,UKR"
SVN,194,Slovenia,2078723.0,2001.0,79.25,249.6,55.1180000305176,19.723169803619392,4.8,2.5,55.0,2.47,100.0,0.0,0.0,0.0,98.0,97.98214285714286,1.6071428571428572,,,,,,,0.0,SI,Europe,Southern Europe,"AUT,HRV,ITA,HUN"
SWE,195,Sweden,10160159.0,2002.0,84.88,71.5,87.9769973754883,15.9102096557617,6.1,2.2,88.0,2.17,100.0,0.0,0.0,0.0,100.0,88.0,12.0,,,,,,,0.0,SE,Europe,Northern Europe,"FIN,NOR"
SWZ,196,Eswatini,1172369.0,2010.0,7.96,306.3,24.1709995269775,22.53612899780273,4.6,2.2,24.0,4.04,71.0,10.0,10.0,10.0,51.0,61.0,20.0,801.0,213642.0,222336.0,834.0,233.0,601.0,0.0,SZ,Africa,Southern Africa,"MOZ,ZAF"
SXM,197,Sint Maarten (Dutch part),43421.0,,23.023333333333333,111.89565217391304,100.0,37.28411769866945,3.8812499999999996,3.783333333333333,61.68181818181818,2.58,95.90909090909092,0.9090909090909091,2.8181818181818183,0.31818181818181823,89.36363636363636,86.14285714285712,10.523809523809522,,,,,,,0.0,SX,Americas,Caribbean,
SYC,198,Seychelles,98910.0,,26.305000000000003,488.5,57.5460014343262,10.499903262986082,3.720956790123457,13.507692307692308,57.0,4.595740740740741,97.0,0.0,3.0,4.0,96.0,95.0,2.0,,,,,,,0.0,SC,Africa,Eastern Africa,
SYR,199,Syria,18275704.0,,21.796,75.6,55.4749984741211,31.7682476043701,4.832000000000001,26.25,55.0,5.65,94.0,6.0,0.0,0.0,85.0,71.0,29.0,,,,,,,0.0,SY,Asia,Western Asia,"IRQ,ISR,JOR,LBN,TUR"
TCA,200,Turks and Caicos Islands,39226.0,,23.023333333333333,0.7,93.6050033569336,37.28411769866944,3.88125,3.783333333333333,93.0,2.37,94.0,0.0,6.0,0.0,90.0,68.0,26.0,,,,,,,0.0,TC,Americas,Caribbean,
TCD,201,Chad,16914985.0,2004.0,21.5,41.9,23.5200004577637,8.72666263580322,3.2,11.0,24.0,5.97,46.0,15.0,32.0,8.0,9.0,20.0,41.0,3267.0,1106678.0,4041010.0,11929.0,1909.0,10020.0,0.0,TD,Africa,Middle Africa,"CMR,CAF,LBY,NER,NGA,SSD"
TGO,202,Togo,8478242.0,2010.0,32.34,28.0,42.7999992370606,22.1089172363281,4.158333333333334,3.4,43.0,4.35,69.0,6.0,14.0,11.0,20.0,25.0,50.0,4550.0,1021474.0,1921381.0,8558.0,2568.0,5990.0,0.0,TG,Africa,Western Africa,"BEN,BFA,GHA"
THA,203,Thailand,69950844.0,2006.0,57.6,105.1,51.4300003051758,20.9387702941895,4.7,2.4,51.0,2.84,100.0,0.0,0.0,0.0,100.0,81.0,19.0,,,,,,,0.0,TH,Asia,South-Eastern Asia,"MMR,KHM,LAO,MYS"
TJK,204,Tajikistan,9749625.0,2005.0,23.94,530.1,27.5060005187988,16.446603775024414,3.6,1.9,28.0,5.99,82.0,3.0,3.0,12.0,60.0,65.0,19.0,,,,,,,0.0,TJ,Asia,Central Asia,"AFG,CHN,KGZ,UZB"
TKL,205,Tokelau,1368.0,,44.046666666666674,0.0,50.8259998321533,46.5285291671753,5.25,2.3,0.0,5.24,100.0,0.0,0.0,0.0,97.0,95.0,4.0,,,,,,,0.0,TK,Oceania,Polynesia,
TKM,206,Turkmenistan,6117933.0,2000.0,13.1,28.4,52.515998840332,15.206211805343624,4.491666666666666,2.6,53.0,5.22,100.0,0.0,0.0,0.0,100.0,52.0,48.0,,,,,,,0.0,TM,Asia,Central Asia,"AFG,IRN,KAZ,UZB"
TLS,207,Timor,1343875.0,2009.0,11.0,185.0,31.3199996948242,13.7600145339966,3.5,3.5,31.0,5.27,85.0,2.0,8.0,4.0,74.0,66.0,22.0,,,,,,,0.0,TL,Asia,South-Eastern Asia,IDN
TON,208,Tonga,106759.0,,44.046666666666674,77.3,23.0990009307861,46.5285291671753,5.25,2.3,23.0,5.3,99.0,0.0,0.0,0.0,98.0,100.0,0.0,,,,,,,0.0,TO,Oceania,Polynesia,
TTO,209,Trinidad and Tobago,1403374.0,2006.0,50.07,60.3,53.2140007019043,37.28411769866944,3.4,4.8,53.0,3.21,99.0,1.0,0.0,0.0,99.0,93.0,7.0,,,,,,,0.0,TT,Americas,Caribbean,
TUN,210,Tunisia,11935764.0,2002.0,30.17,72.6,69.568000793457,20.1296920776367,4.2,8.1,70.0,3.89,98.0,2.0,0.0,0.0,89.0,93.0,7.0,,,,,,,0.0,TN,Africa,Northern Africa,"DZA,LBY"
TUR,211,Turkey,85042736.0,2002.0,31.45,262.0,76.1050033569336,37.4540519714356,5.4,6.784375000000001,76.0,4.07,97.0,2.0,0.0,0.0,93.0,95.0,4.0,,,,,,,0.0,TR,Asia,Western Asia,"ARM,AZE,BGR,GEO,GRC,IRN,IRQ,SYR"
TUV,212,Tuvalu,11925.0,,44.046666666666674,2.5,64.0139999389648,46.5285291671753,5.25,2.3,64.0,6.05,100.0,0.0,0.0,0.0,98.0,100.0,0.0,,,,,,,0.0,TV,Oceania,Polynesia,
TWN,213,Taiwan,23855008.0,,51.56857142857143,349.0,80.80885696411134,47.910532815115786,5.3,2.3,83.57142857142857,3.0728571428571425,97.0,0.2857142857142857,1.7142857142857142,0.8571428571428571,88.85714285714286,86.14285714285714,11.285714285714286,,,,,,,0.0,TW,Asia,Eastern Asia,
TZA,214,Tanzania,61498438.0,2010.0,43.3,67.7,35.2270011901856,13.3807649612427,3.9,3.0,35.0,4.85,61.0,11.0,15.0,13.0,36.0,38.0,34.0,22527.0,7825168.0,10007286.0,28809.0,9507.0,19302.0,0.0,TZ,Africa,Eastern Africa,"BDI,COD,KEN,MWI,MOZ,RWA,UGA,ZMB"
UGA,215,Uganda,47123533.0,2011.0,37.1,91.3,24.9540004730225,7.36251163482666,4.1,3.3,25.0,4.87,56.0,27.0,12.0,5.0,17.0,23.0,60.0,58366.0,21259081.0,20454379.0,56157.0,10670.0,45487.0,0.0,UG,Africa,Eastern Africa,"COD,KEN,RWA,SSD,TZA"
UKR,216,Ukraine,43466822.0,2007.0,40.4,41.6,69.6080017089844,12.3924913406372,3.9,2.6,70.0,2.53,94.0,6.0,0.0,0.0,92.0,64.0,36.0,,,,,,,0.0,UA,Europe,Eastern Europe,"BLR,HUN,MDA,POL,ROU,RUS,SVK"
URY,217,Uruguay,3485152.0,2002.0,71.03,43.5,95.5149993896484,50.499454498291,4.4,9.7,96.0,3.02,100.0,0.0,0.0,0.0,99.0,100.0,0.0,,,,,,,0.0,UY,Americas,South America,"ARG,BRA"
USA,218,United States,332915074.0,2000.0,56.89,107.3,82.6640014648438,46.5439605712891,6.3,3.6,83.0,2.49,100.0,0.0,0.0,0.0,100.0,99.0,1.0,,,,,,,0.0,US,Americas,Northern America,"CAN,MEX"
UZB,219,Uzbekistan,33935765.0,2006.0,33.73,52.6,50.4160003662109,7.33285045623779,3.9333333333333327,2.3,50.0,5.22,98.0,0.0,0.0,2.0,59.0,70.0,28.0,,,,,,,0.0,UZ,Asia,Central Asia,"AFG,KAZ,KGZ,TJK,TKM"
VAT,220,Vatican,812.0,,65.63,43.8,71.0390014648438,19.2177715301514,5.3,2.6,71.0,2.4,100.0,0.0,0.0,0.0,98.0,98.0,1.0,,,,,,,0.0,VA,Europe,Southern Europe,ITA
VCT,221,Saint Vincent and the Grenadines,111269.0,,23.02333333333333,307.1,53.0320014953613,37.28411769866944,3.8812499999999996,3.783333333333333,52.0,2.8826666666666667,95.0,0.0,5.0,0.0,94.0,93.0,2.0,,,,,,,0.0,VC,Americas,Caribbean,
VEN,222,Venezuela,28704947.0,2001.0,29.96,63.4,88.2789993286133,33.5154113769531,4.2,5.0,88.0,4.33,94.0,0.0,6.0,1.0,86.0,79.0,15.0,,,,,,,0.0,VE,Americas,South America,"BRA,COL,GUY"
VGB,223,British Virgin Islands,30423.0,,23.02333333333333,125.7,48.5149993896484,37.28411769866944,3.8812499999999996,3.783333333333333,49.0,2.8826666666666667,100.0,0.0,0.0,0.0,98.0,96.0,4.0,,,,,,,0.0,VG,Americas,Caribbean,
VIR,224,United States Virgin Islands,104218.0,,23.02333333333333,140.4,95.9390029907227,37.28411769866944,3.881249999999999,3.783333333333333,96.0,2.8826666666666663,99.0,0.0,1.0,0.0,98.0,47.0,52.0,,,,,,,0.0,VI,Americas,Caribbean,
VNM,225,Vietnam,98168829.0,2011.0,68.63,205.4,37.3400001525879,18.2477283477783,3.6,2.1,37.0,3.44,97.0,0.0,3.0,0.0,97.0,48.0,48.0,,,,,,,0.0,VN,Asia,South-Eastern Asia,"KHM,CHN,LAO"
VUT,226,Vanuatu,314464.0,2008.0,11.66,172.9,25.5249996185303,35.60569095611573,4.666666666666667,2.1,26.0,5.08,91.0,1.0,0.0,8.0,50.0,48.0,45.0,,,,,,,0.0,VU,Oceania,Melanesia,
WLF,227,Wallis and Futuna,11094.0,,44.046666666666674,130.6,50.8259998321533,46.5285291671753,5.25,2.3,0.0,5.7975,100.0,0.0,0.0,0.0,98.0,99.0,0.0,,,,,,,0.0,WF,Oceania,Polynesia,
WSM,228,Samoa,200144.0,,44.046666666666674,167.7,17.8889999389648,46.5285291671753,5.25,2.3,18.0,6.6,92.0,7.0,1.0,0.0,91.0,84.0,14.0,,,,,,,0.0,WS,Oceania,Polynesia,
YEM,229,Yemen,30490639.0,2006.0,9.32,232.3,37.9080009460449,10.0857858657837,2.8,23.0,38.0,6.67,61.0,29.0,8.0,3.0,49.0,56.0,34.0,,,,,,,0.0,YE,Asia,Western Asia,"OMN,SAU"
ZAF,230,South Africa,60041996.0,2008.0,13.19,176.1,67.3539962768555,36.1491355895996,5.8,3.0,67.0,3.36,94.0,3.0,1.0,2.0,78.0,91.0,6.0,34130.0,2506185.0,2215152.0,30167.0,8145.0,22022.0,0.0,ZA,Africa,Southern Africa,"BWA,LSO,MOZ,NAM,SWZ,ZWE"
ZMB,231,Zambia,18920657.0,2007.0,40.6,53.3,44.6290016174316,15.3585596084595,4.3,3.0,45.0,5.0,65.0,6.0,22.0,7.0,30.0,32.0,39.0,25624.0,2976680.0,4570494.0,39344.0,10623.0,28721.0,0.0,ZM,Africa,Eastern Africa,"AGO,BWA,COD,MWI,MOZ,NAM,TZA,ZWE"
ZWE,232,Zimbabwe,15092171.0,2010.0,22.6,119.4,32.242000579834,10.2161674499512,4.5,3.6,32.0,4.02,63.0,14.0,16.0,7.0,31.0,27.0,49.0,43480.0,5964541.0,5964541.0,43480.0,12174.0,31306.0,0.0,ZW,Africa,Eastern Africa,"BWA,MOZ,ZAF,ZMB"
