alpha3,Entity,Population,YearPBO,PBO,Terrain Ruggedness,Urban %,Urban Agg %,RoadQuality,Km,Urb %,National At Least Basic,National Limit (more than 30 mins),National Unimproved,National Surface Water,Nat Accesible On Premises,Nat Piped,Nat NonPiped,No. HPs,Year of HP estimate,2015 (C),No. HPs in 2015,Non-functional HPs,Functional HPS,Risk,Country or area,ISO Code,Data source category,Reference date (dd/mm/yyyy),Average household size (number of members)
ANT,Netherlands Antilles,321292.0,,,25.5,,,,,,,,,,,,,,,,,,,0.0,,,,,
SJM,Svalbard and Jan Mayen,2400.0,,,162.3,,,,,,,,,,,,,,,,,,,0.0,,,,,
BGR,Bulgaria,6896655.0,2000.0,22.62,147.9,75.6859970092773,18.66188621521,4.2,9.5,76.0,100.0,0.0,0.0,0.0,98.0,100.0,0.0,,,,,,,0.0,Bulgaria,100.0,LFS,7/1/11,2.34
YEM,Yemen,30490639.0,2006.0,9.32,232.3,37.9080009460449,10.0857858657837,2.8,23.0,38.0,61.0,29.0,8.0,3.0,49.0,56.0,34.0,,,,,,,0.0,Yemen,887.0,DHS,25/10/13,6.67
TCD,Chad,16914985.0,2004.0,21.5,41.9,23.5200004577637,8.72666263580322,3.2,11.0,24.0,46.0,15.0,32.0,8.0,9.0,20.0,41.0,3267.0,1106678.0,4041010.0,11929.0,1909.0,10020.0,0.0,Chad,148.0,MICS,7/1/19,5.97
MLI,Mali,20855724.0,2006.0,46.2,14.7,43.9090003967285,13.009349822998,3.8,9.6,44.0,83.0,4.0,12.0,1.0,36.0,50.0,37.0,22147.0,5580145.0,5580145.0,22147.0,6423.0,15724.0,0.0,Mali,466.0,DHS,27/9/18,5.81
OWID_CIS,Channel Islands,175244.0,,,,30.9629993438721,,,,,,,,,,,,,,,,,,0.0,,,,,
MDV,Maldives,543620.0,2009.0,39.9,1.2,40.6689987182617,,,,41.0,100.0,0.0,0.0,0.0,98.0,51.0,48.0,,,,,,,0.0,Maldives,462.0,DHS,21/1/17,5.4
MYS,Malaysia,32776195.0,2002.0,44.49,100.9,77.1600036621094,25.0510921478272,4.0,2.5,77.0,97.0,0.0,3.0,,94.0,95.0,2.0,,,,,,,0.0,Malaysia,458.0,IPUMS,7/1/00,4.56
MWI,Malawi,19647681.0,2010.0,43.8,102.7,17.4270000457764,5.95923233032227,3.9,2.5,17.0,70.0,22.0,6.0,2.0,18.0,22.0,70.0,24769.0,7018868.0,10828276.0,38212.0,8407.0,29805.0,0.0,Malawi,454.0,MICS,7/1/19,4.28
CHL,Chile,19212362.0,2002.0,53.1,248.1,87.7269973754883,35.4548988342285,5.7,3.2,88.0,100.0,0.0,0.0,0.0,100.0,100.0,0.0,,,,,,,0.0,Chile,152.0,IPUMS,7/1/17,3.04
MDG,Madagascar,28427333.0,2008.0,22.6,116.9,38.5340003967285,12.424409866333,2.2,,39.0,53.0,3.0,32.0,12.0,23.0,35.0,21.0,15068.0,3532216.0,3163536.0,13495.0,2699.0,10796.0,0.0,Madagascar,450.0,MICS,7/1/18,4.5
MAC,Macao,658391.0,,,73.2,100.0,,,,100.0,100.0,0.0,0.0,0.0,100.0,100.0,0.0,,,,,,,0.0,"China, Macao SAR",446.0,DYB,7/1/16,3.07
LUX,Luxembourg,634814.0,2002.0,64.04,88.1,91.4530029296875,,5.6,3.5,91.0,100.0,0.0,0.0,0.0,100.0,100.0,0.0,,,,,,,0.0,Luxembourg,442.0,LFS,7/1/11,2.41
CHN,China,1444216102.0,2010.0,62.97,187.8,61.4280014038086,29.7063808441162,5.5,2.7,62.0,94.0,0.0,5.0,0.0,93.0,80.0,15.0,,,,,,,0.0,China,156.0,DYB,7/1/10,..
LTU,Lithuania,2689862.0,2000.0,38.94,17.5,68.0459976196289,,5.5,2.2,68.0,98.0,0.0,2.0,0.0,95.0,96.0,2.0,,,,,,,0.0,Lithuania,440.0,LFS,7/1/11,2.32
MLT,Malta,442790.0,1997.0,41.47,152.7,94.7440032958984,,3.2,,95.0,100.0,0.0,0.0,0.0,100.0,100.0,0.0,,,,,,,0.0,Malta,470.0,LFS,7/1/11,2.85
LIE,Liechtenstein,38254.0,,,532.0,14.4160003662109,,,,14.0,100.0,0.0,0.0,0.0,100.0,100.0,0.0,,,,,,,0.0,Liechtenstein,438.0,DYB,7/1/15,2.26
LBY,Libya,6958538.0,,,40.3,80.6910018920898,16.809741973877,,233.0,81.0,100.0,0.0,0.0,0.0,90.0,78.0,22.0,,,,,,,0.0,,,,,
LBR,Liberia,5180208.0,2009.0,3.0,26.3,52.0890007019043,30.2898254394531,3.4,3.6,52.0,75.0,9.0,3.0,13.0,15.0,4.0,80.0,12684.0,1526658.0,1443089.0,11990.0,2398.0,9592.0,0.0,Liberia,430.0,DHS,2/1/19,4.58
LSO,Lesotho,2159067.0,2009.0,2.1,620.2,29.0279998779297,,3.5,2.4,29.0,72.0,10.0,12.0,5.0,29.0,69.0,14.0,831.0,338795.0,338795.0,831.0,216.0,615.0,0.0,Lesotho,426.0,MICS,7/1/18,3.73
COM,Comoros,888456.0,2002.0,6.71,332.8,29.3799991607666,,,,29.0,80.0,11.0,9.0,0.0,65.0,59.0,32.0,,,,,,,0.0,Comoros,174.0,DHS,15/10/12,5.37
LBN,Lebanon,6769151.0,2011.0,10.1,419.7,88.9250030517578,35.967041015625,3.3,,89.0,93.0,7.0,0.0,0.0,90.0,89.0,11.0,,,,,,,0.0,,,,,
LVA,Latvia,1866934.0,2002.0,17.98,15.4,68.3150024414063,,4.6,2.3,68.0,99.0,0.0,0.0,0.0,96.0,94.0,5.0,,,,,,,0.0,Latvia,428.0,DYB,7/1/21,2.26
COG,Congo,5657017.0,2005.0,5.9,15.2,67.8290023803711,65.8223266601563,,,68.0,74.0,10.0,10.0,6.0,53.0,53.0,31.0,511.0,407678.0,695285.0,871.0,436.0,435.0,0.0,Congo,178.0,MICS,7/1/14,4.22
LAO,Laos,7379358.0,2006.0,47.21,255.3,36.290000915527294,,2.8,2.3,36.0,85.0,4.0,11.0,0.0,84.0,31.0,58.0,,,,,,,0.0,Lao People's Dem. Republic,418.0,MICS,7/1/17,4.7
COK,Cook Islands,17572.0,,,96.0,,,,,75.0,100.0,0.0,0.0,0.0,87.0,89.0,11.0,,,,,,,0.0,Cook Islands,184.0,DYB,7/1/11,..
KGZ,Kyrgyzstan,6628347.0,2006.0,23.19,428.7,36.8559989929199,,2.9,1.9,37.0,92.0,2.0,2.0,5.0,71.0,94.0,0.0,,,,,,,0.0,Kyrgyzstan,417.0,MICS,7/1/18,4.05
KWT,Kuwait,4328553.0,,,24.5,100.0,73.3960494995117,4.9,88.0,100.0,100.0,0.0,0.0,0.0,100.0,,,,,,,,,0.0,,,,,
CRI,Costa Rica,5139053.0,1996.0,65.06,211.2,80.7710037231445,27.6422061920166,3.1,3.0,81.0,100.0,0.0,0.0,0.0,100.0,100.0,0.0,,,,,,,0.0,Costa Rica,188.0,MICS,7/1/18,3.21
COL,Colombia,51265841.0,2010.0,33.3,88.5,81.4250030517578,44.3362922668457,3.3,3.1,81.0,97.0,0.0,0.0,1.0,96.0,89.0,9.0,,,,,,,0.0,Colombia,170.0,DHS,28/8/15,3.53
KIR,Kiribati,121388.0,,,1.0,55.5940017700195,,,,56.0,78.0,4.0,18.0,0.0,56.0,39.0,43.0,,,,,,,0.0,Kiribati,296.0,MICS,7/1/18,5.9
MHL,Marshall Islands,59618.0,,,1.4,77.7939987182617,,,,78.0,89.0,11.0,0.0,0.0,83.0,31.0,69.0,,,,,,,0.0,,,,,
MRT,Mauritania,4775110.0,2002.0,4.92,11.5,55.3269996643066,28.738094329834,3.1,21.0,55.0,72.0,13.0,15.0,0.0,43.0,53.0,32.0,1190.0,359414.0,491544.0,1627.0,879.0,748.0,0.0,Mauritania,478.0,MICS,7/1/15,5.77
NIC,Nicaragua,6702379.0,2005.0,31.99,99.2,59.0120010375977,16.0079383850098,3.7,4.3,59.0,82.0,2.0,14.0,3.0,79.0,70.0,13.0,,,,,,,0.0,Nicaragua,558.0,IPUMS,7/1/05,4.92
NZL,New Zealand,4860642.0,1992.0,62.49,203.8,86.6989974975586,31.8190898895264,4.9,2.5,87.0,100.0,0.0,0.0,0.0,100.0,100.0,0.0,,,,,,,0.0,New Zealand,554.0,DYB,7/1/18,2.6
NCL,New Caledonia,288217.0,,,158.6,71.5179977416992,,,,72.0,100.0,0.0,0.0,0.0,100.0,99.0,0.0,,,,,,,0.0,New Caledonia,540.0,DYB,7/1/04,..
BDI,Burundi,12255429.0,2010.0,20.5,178.0,13.7080001831055,,3.1,3.3,14.0,62.0,19.0,15.0,4.0,11.0,38.0,43.0,229.0,4470806.0,4687470.0,240.0,139.0,101.0,0.0,Burundi,108.0,DHS,22/12/16,4.83
NLD,Netherlands,17173094.0,2002.0,89.48,3.7,92.2360000610352,12.4136066436768,6.0,2.2,100.0,95.0,0.0,5.0,0.0,93.0,91.0,5.0,,,,,,,0.0,Netherlands,528.0,LFS,7/1/11,2.23
NPL,Nepal,29674920.0,2011.0,39.7,504.3,20.576000213623,4.95995616912842,3.0,2.2,21.0,90.0,4.0,5.0,1.0,69.0,50.0,44.0,,,,,,,0.0,Nepal,524.0,MICS,7/1/19,4.25
KHM,Cambodia,16946446.0,2010.0,65.5,54.0,24.2320003509522,12.6495399475098,3.6,3.0,24.0,71.0,14.0,6.0,9.0,48.0,32.0,53.0,,,,,,,0.0,Cambodia,116.0,DHS,9/1/14,4.61
NRU,Nauru,10873.0,,,31.1,100.0,,,,100.0,100.0,0.0,0.0,0.0,100.0,53.0,47.0,,,,,,,0.0,,,,,
NAM,Namibia,2587344.0,2006.0,15.2,91.3,52.0330009460449,,5.9,25.0,52.0,84.0,7.0,4.0,5.0,62.0,81.0,10.0,931.0,250949.0,288561.0,1071.0,578.0,493.0,0.0,Namibia,516.0,DHS,25/7/13,4.24
MMR,Myanmar,54806014.0,2002.0,52.84,198.8,31.1410007476807,12.5734386444092,,2.2,31.0,84.0,2.0,5.0,10.0,64.0,33.0,52.0,,,,,,,0.0,Myanmar,104.0,DHS,22/3/16,4.22
CMR,Cameroon,27224262.0,2011.0,14.7,51.5,57.560001373291,29.2298336029053,3.0,3.5,58.0,66.0,13.0,15.0,6.0,35.0,36.0,43.0,11521.0,4102652.0,4345668.0,12203.0,3905.0,8298.0,0.0,Cameroon,120.0,DHS,15/9/18,4.99
MOZ,Mozambique,32163045.0,2008.0,40.05,61.2,37.0740013122559,8.92312240600586,3.4,3.2,37.0,63.0,10.0,17.0,10.0,33.0,41.0,33.0,14205.0,5266446.0,6852638.0,18483.0,3697.0,14786.0,0.0,Mozambique,508.0,DHS,31/5/18,4.52
MTQ,Martinique,374743.0,,,120.6,,,,,,,,,,,,,,,,,,,0.0,Martinique,474.0,DYB,7/1/15,2.25
MAR,Morocco,37344787.0,2003.0,25.4,241.3,63.5320014953613,21.9153327941895,5.1,6.2,64.0,90.0,5.0,3.0,1.0,84.0,80.0,15.0,,,,,,,0.0,Morocco,504.0,IPUMS,7/1/14,4.58
CAN,Canada,38067913.0,2000.0,67.28,77.5,81.5619964599609,45.8570976257324,5.9,2.8,82.0,100.0,0.0,0.0,0.0,100.0,100.0,0.0,,,,,,,0.0,Canada,124.0,DYB,7/1/16,2.45
MNE,Montenegro,628051.0,2005.0,29.36,,67.4879989624023,,2.9,,67.0,99.0,0.0,0.0,0.0,98.0,89.0,10.0,,,,,,,0.0,Montenegro,499.0,MICS,7/1/18,3.29
MNG,Mongolia,3329282.0,2005.0,15.77,105.7,68.6569976806641,48.5158920288086,3.4,2.8,69.0,85.0,2.0,7.0,6.0,30.0,25.0,63.0,,,,,,,0.0,Mongolia,496.0,MICS,7/1/18,3.63
MCO,Monaco,39520.0,,,661.2,100.0,,,,100.0,100.0,0.0,0.0,0.0,100.0,100.0,0.0,,,,,,,0.0,Monaco,492.0,DYB,7/1/16,2.13
MDA,Moldova,4024025.0,2005.0,27.2,79.9,42.8489990234375,,3.6,2.6,43.0,91.0,2.0,8.0,0.0,74.0,72.0,20.0,,,,,,,0.0,Republic of Moldova,498.0,DYB,7/1/14,2.89
CPV,Cape Verde,561901.0,,,236.7,66.6520004272461,,,,67.0,89.0,8.0,3.0,0.0,88.0,90.0,7.0,,,,,,,0.0,,,,,
CYM,Cayman Islands,66498.0,,,9.6,100.0,,,,100.0,96.0,0.0,4.0,0.0,91.0,86.0,10.0,,,,,,,0.0,Cayman Islands,136.0,DYB,7/1/10,..
FSM,Micronesia (country),116255.0,,,135.3,22.9330005645752,,,,23.0,88.0,0.0,12.0,,62.0,44.0,44.0,,,,,,,0.0,,,,,
MEX,Mexico,130262220.0,2010.0,32.88,173.2,80.7310028076172,40.9623718261719,5.5,4.4,81.0,100.0,0.0,0.0,0.0,96.0,98.0,2.0,,,,,,,0.0,Mexico,484.0,MICS,7/1/15,3.75
MYT,Mayotte,279507.0,,,267.3,,,,,,,,,,,,,,,,,,,0.0,Mayotte,175.0,DYB,7/1/17,4.05
MUS,Mauritius,1273428.0,2002.0,75.34,94.9,40.7599983215332,,4.7,,41.0,100.0,0.0,0.0,0.0,100.0,100.0,0.0,,,,,,,0.0,Mauritius,480.0,DYB,7/1/11,3.48
CAF,Central African Republic,4919987.0,2006.0,18.89,19.7,42.1980018615723,,,2.7,42.0,37.0,26.0,34.0,4.0,6.0,14.0,49.0,3177.0,1196004.0,1572640.0,4177.0,1044.0,3133.0,0.0,Central African Republic,140.0,MICS,7/1/18,5.59
MSR,Montserrat,4981.0,,,339.5,,,,,9.0,98.0,0.0,2.0,0.0,98.0,98.0,0.0,,,,,,,0.0,,,,,
KEN,Kenya,54985702.0,2009.0,29.45,66.9,27.9950008392334,11.390362739563,4.3,3.7,28.0,62.0,10.0,10.0,19.0,33.0,33.0,39.0,18473.0,11978646.0,13050415.0,20126.0,4830.0,15296.0,0.0,Kenya,404.0,DHS,12/1/20,3.75
KAZ,Kazakhstan,18994958.0,2011.0,24.78,37.2,57.6710014343262,16.5493507385254,4.1,2.7,58.0,95.0,2.0,3.0,0.0,89.0,81.0,16.0,,,,,,,0.0,Kazakhstan,398.0,MICS,7/1/15,3.44
CIV,Cote d'Ivoire,27053629.0,2006.0,43.14,22.4,51.7060012817383,19.7931022644043,5.1,3.8,52.0,71.0,9.0,14.0,6.0,45.0,42.0,38.0,22807.0,4132116.0,4144538.0,22876.0,6863.0,16013.0,0.0,Côte d’Ivoire,384.0,MICS,7/1/16,4.58
GRD,Grenada,113015.0,,,208.8,36.5369987487793,,,,36.0,96.0,1.0,0.0,3.0,90.0,92.0,4.0,,,,,,,0.0,,,,,
GRL,Greenland,56868.0,,,41.0,87.2819976806641,,,,87.0,100.0,0.0,0.0,0.0,97.0,100.0,0.0,,,,,,,0.0,,,,,
GRC,Greece,10370747.0,2002.0,30.12,310.3,79.7149963378906,29.6330699920654,4.7,7.5,80.0,100.0,0.0,0.0,0.0,100.0,100.0,0.0,,,,,,,0.0,Greece,300.0,LFS,7/1/11,2.44
DOM,Dominican Republic,10953714.0,2007.0,1.5,164.1,82.5400009155273,30.9367256164551,4.6,3.9,83.0,97.0,0.0,1.0,2.0,95.0,81.0,16.0,,,,,,,0.0,Dominican Republic,214.0,MICS,7/1/19,3.09
GIB,Gibraltar,33691.0,,,781.1,100.0,,,,100.0,100.0,0.0,0.0,0.0,100.0,100.0,0.0,,,,,,,0.0,,,,,
GHA,Ghana,31732128.0,2008.0,33.86,22.8,57.3489990234375,19.0564785003662,4.0,4.0,57.0,86.0,7.0,3.0,5.0,41.0,35.0,58.0,32361.0,7704331.0,7517159.0,31575.0,8209.0,23366.0,0.0,Ghana,288.0,DHS,18/10/19,3.83
DEU,Germany,83900471.0,2002.0,76.6,59.7,77.4530029296875,9.67117595672607,6.1,2.8,77.0,100.0,0.0,0.0,0.0,100.0,100.0,0.0,,,,,,,0.0,Germany,276.0,LFS,7/1/11,2.05
GEO,Georgia,3979773.0,2005.0,8.16,365.9,59.4529991149902,29.0637397766113,4.4,2.0,59.0,97.0,0.0,3.0,0.0,97.0,82.0,15.0,,,,,,,0.0,Georgia,268.0,MICS,7/1/18,3.42
ECU,Ecuador,17888474.0,2002.0,61.27,127.8,64.1660003662109,27.6359119415283,4.6,3.6,64.0,95.0,0.0,3.0,2.0,95.0,91.0,5.0,,,,,,,0.0,Ecuador,218.0,IPUMS,7/1/10,3.78
GMB,Gambia,2486937.0,2006.0,44.24,35.3,62.5820007324219,,4.5,3.5,63.0,81.0,9.0,10.0,0.0,45.0,77.0,13.0,1841.0,235434.0,235434.0,1841.0,847.0,994.0,0.0,Gambia,270.0,DHS,25/1/20,8.07
GAB,Gabon,2278829.0,2000.0,3.4,21.8,90.0920028686523,,2.5,5.6,90.0,85.0,8.0,7.0,3.0,71.0,82.0,11.0,1158.0,84888.0,96954.0,1323.0,622.0,701.0,0.0,Gabon,266.0,DHS,3/8/12,4.1
EGY,Egypt,104258327.0,2008.0,9.8,72.3,42.7830009460449,25.6132392883301,4.2,2.2,43.0,100.0,0.0,0.0,0.0,98.0,100.0,0.0,,,,,,,0.0,Egypt,818.0,DHS,20/5/14,4.13
DMA,Dominica,72172.0,,,0.3,71.0899963378906,,,,70.0,95.0,0.0,5.0,0.0,81.0,94.0,1.0,,,,,,,0.0,,,,,
PYF,French Polynesia,282534.0,,,207.2,61.9749984741211,,,,62.0,100.0,0.0,0.0,0.0,98.0,100.0,0.0,,,,,,,0.0,French Polynesia,258.0,DYB,7/1/07,..
FRA,France,65426177.0,2002.0,60.03,109.8,80.9749984741211,22.9424800872803,6.3,2.4,46.0,96.0,0.0,4.0,3.0,96.0,93.0,4.0,,,,,,,0.0,France,250.0,DYB,7/1/15,2.22
FIN,Finland,5548361.0,2002.0,85.0,32.8,85.5169982910156,23.7853507995605,6.0,2.7,86.0,100.0,0.0,0.0,0.0,100.0,100.0,0.0,,,,,,,0.0,Finland,246.0,DYB,7/1/10,2.07
SLV,El Salvador,6518500.0,,,175.0,73.4440002441406,16.9858112335205,4.2,2.9,73.0,98.0,0.0,0.0,2.0,92.0,91.0,7.0,,,,,,,0.0,El Salvador,222.0,MICS,7/1/14,3.92
FJI,Fiji,902899.0,,,139.6,57.2470016479492,,,,57.0,94.0,0.0,3.0,2.0,71.0,83.0,11.0,,,,,,,0.0,Fiji,242.0,IPUMS,7/1/14,4.57
FLK,Falkland Islands,3528.0,,,26.4,,,,,79.0,95.0,0.0,5.0,0.0,93.0,91.0,5.0,,,,,,,0.0,,,,,
FRO,Faeroe Islands,49053.0,,,225.3,42.3979988098145,,,,42.0,100.0,0.0,0.0,0.0,100.0,100.0,0.0,,,,,,,0.0,,,,,
GNQ,Equatorial Guinea,1449891.0,,,55.9,73.0999984741211,,,,72.0,65.0,3.0,26.0,6.0,17.0,41.0,27.0,,,48864.0,129.0,34.0,95.0,0.0,Equatorial Guinea,226.0,MICS,7/1/00,5.3
ETH,Ethiopia,117876226.0,2011.0,2.3,157.0,21.6949996948242,4.24643182754517,3.3,6.7,22.0,50.0,27.0,19.0,5.0,20.0,41.0,35.0,47974.0,19376530.0,29006747.0,71817.0,23700.0,48117.0,0.0,Ethiopia,231.0,DHS,4/7/19,4.73
SWZ,Eswatini,1172369.0,2010.0,7.96,306.3,24.1709995269775,,,2.2,24.0,71.0,10.0,10.0,10.0,51.0,61.0,20.0,801.0,213642.0,222336.0,834.0,233.0,601.0,0.0,Eswatini,748.0,MICS,7/1/14,4.04
ERI,Eritrea,3601462.0,2002.0,10.5,248.1,35.7709999084473,,,19.0,39.0,52.0,18.0,13.0,17.0,34.0,52.0,18.0,864.0,975624.0,464092.0,411.0,177.0,234.0,0.0,,,,,
EST,Estonia,1325188.0,2002.0,30.31,12.3,69.2289962768555,,5.2,2.9,69.0,100.0,0.0,0.0,0.0,96.0,93.0,6.0,,,,,,,0.0,Estonia,233.0,LFS,7/1/11,2.3
GUF,French Guiana,306450.0,,,20.5,,,,,86.0,94.0,0.0,6.0,0.0,91.0,88.0,6.0,,,,,,,0.0,French Guiana,254.0,DYB,7/1/15,3.45
GLP,Guadeloupe,400013.0,,,118.8,,,,,,,,,,,,,,,,,,,0.0,Guadeloupe,312.0,DYB,7/1/15,2.3
GUM,Guam,170184.0,,,66.6,94.9380035400391,,,,95.0,100.0,0.0,0.0,0.0,100.0,100.0,0.0,,,,,,,0.0,,,,,
GTM,Guatemala,18249868.0,1998.0,26.7,180.7,51.8359985351563,17.372314453125,2.7,3.3,52.0,94.0,1.0,3.0,2.0,87.0,77.0,18.0,,,,,,,0.0,Guatemala,320.0,DHS,26/2/15,4.81
JOR,Jordan,10269022.0,1997.0,8.9,109.7,91.4179992675781,21.2498874664307,4.8,,91.0,99.0,0.0,0.0,0.0,98.0,89.0,10.0,,,,,,,0.0,Jordan,400.0,DHS,12/1/17,4.72
JPN,Japan,126050796.0,1989.0,70.88,213.2,91.7819976806641,65.0799789428711,5.7,2.2,92.0,100.0,0.0,0.0,0.0,99.0,98.0,1.0,,,,,,,0.0,Japan,392.0,DYB,7/1/15,2.33
HRV,Croatia,4081657.0,2002.0,43.71,126.7,57.5530014038086,,5.4,2.4,58.0,,,,,,,,,,,,,,0.0,Croatia,191.0,DYB,7/1/11,2.8
JAM,Jamaica,2973462.0,,,178.8,56.3110008239746,,3.5,5.2,56.0,91.0,5.0,2.0,2.0,84.0,83.0,13.0,,,,,,,0.0,Jamaica,388.0,MICS,7/1/11,3.18
ITA,Italy,60367471.0,2002.0,65.63,245.8,71.0390014648438,19.2177715301514,5.3,2.6,71.0,100.0,0.0,0.0,0.0,98.0,98.0,1.0,,,,,,,0.0,Italy,380.0,LFS,7/1/11,2.4
ISR,Israel,8789776.0,2002.0,35.25,170.5,92.5869979858398,57.9112014770508,5.5,12.0,93.0,100.0,0.0,0.0,0.0,100.0,100.0,0.0,,,,,,,0.0,Israel,376.0,DYB,7/1/08,3.14
CUB,Cuba,11317498.0,,,52.8,77.1940002441406,18.934928894043,,3.5,77.0,97.0,1.0,1.0,0.0,93.0,80.0,19.0,,,,,,,0.0,Cuba,192.0,MICS,7/1/19,2.71
IMN,Isle of Man,85410.0,,,,52.8979988098145,,,,53.0,100.0,0.0,0.0,0.0,97.0,98.0,0.0,,,,,,,0.0,Isle of Man,833.0,DYB,7/1/16,2.28
IRL,Ireland,4982904.0,2002.0,50.04,51.3,63.6529998779297,24.715482711792,5.3,2.4,64.0,97.0,0.0,3.0,0.0,97.0,97.0,0.0,,,,,,,0.0,Ireland,372.0,IPUMS,7/1/16,2.83
CUW,Curacao,164796.0,,,,89.0619964599609,,,,,,,,,,,,,,,,,,0.0,,,,,
IRQ,Iraq,41179351.0,2011.0,23.28,67.0,70.8929977416992,25.2260589599609,,2.0,71.0,98.0,0.0,0.0,0.0,94.0,83.0,16.0,,,,,,,0.0,Iraq,368.0,MICS,7/1/18,6.35
IRN,Iran,85028760.0,,,244.5,75.8740005493164,26.0583229064941,4.8,,76.0,97.0,2.0,0.0,0.0,94.0,99.0,0.0,,,,,,,0.0,Iran (Islamic Republic of),364.0,DYB,7/1/16,..
CYP,Cyprus,1215588.0,,,271.8,66.8209991455078,,5.1,,67.0,100.0,0.0,0.0,0.0,100.0,100.0,0.0,,,,,,,0.0,Cyprus,196.0,LFS,7/1/11,2.75
IDN,Indonesia,276361788.0,2007.0,47.2,96.7,56.640998840332,13.7600145339966,3.5,3.5,57.0,92.0,0.0,6.0,1.0,66.0,35.0,59.0,,,,,,,0.0,Indonesia,360.0,DHS,15/8/17,3.86
IND,India,1393409033.0,2011.0,44.82,101.3,34.9259986877441,16.1680164337158,4.6,3.2,35.0,90.0,5.0,4.0,0.0,66.0,44.0,52.0,,,,,,,0.0,India,356.0,DHS,23/5/20,4.38
CZE,Czechia,10724553.0,2002.0,42.76,88.4,74.0609970092773,12.2498035430908,5.1,2.6,74.0,100.0,0.0,0.0,0.0,98.0,100.0,0.0,,,,,,,0.0,Czechia,203.0,LFS,7/1/11,2.4
ISL,Iceland,343360.0,,,147.2,93.8980026245117,,4.6,7.0,94.0,100.0,0.0,0.0,0.0,100.0,100.0,0.0,,,,,,,0.0,,,,,
HUN,Hungary,9634162.0,2002.0,34.12,34.6,71.9420013427734,18.2271881103516,5.0,2.8,72.0,100.0,0.0,0.0,0.0,100.0,100.0,0.0,,,,,,,0.0,Hungary,348.0,LFS,7/1/11,2.6
HKG,Hong Kong,7552800.0,,,250.1,100.0,100.0,6.2,,100.0,100.0,0.0,0.0,0.0,100.0,100.0,0.0,,,,,,,0.0,"China, Hong Kong SAR",344.0,DYB,7/1/16,2.83
COD,Democratic Republic of Congo,92377986.0,2010.0,21.26,44.3,45.6380004882813,24.9344806671143,3.0,2.9,46.0,46.0,13.0,33.0,8.0,19.0,35.0,24.0,2965.0,9449129.0,10679065.0,3351.0,838.0,2513.0,0.0,Dem. Republic of the Congo,180.0,MICS,7/1/17,5.17
HND,Honduras,10062994.0,2011.0,33.3,215.0,58.359001159668,14.7600116729736,3.8,2.9,58.0,96.0,0.0,4.0,0.0,89.0,92.0,5.0,,,,,,,0.0,Honduras,340.0,MICS,7/1/19,3.87
HTI,Haiti,11541683.0,2005.0,17.5,236.2,57.0880012512207,24.6397933959961,,2.7,57.0,67.0,10.0,23.0,0.0,8.0,19.0,57.0,,,,,,,0.0,Haiti,332.0,DHS,26/1/17,4.29
DNK,Denmark,5813302.0,2002.0,88.59,18.9,88.1159973144531,23.2200984954834,5.7,2.9,88.0,100.0,0.0,0.0,0.0,97.0,100.0,0.0,,,,,,,0.0,,,,,
GUY,Guyana,790329.0,2009.0,52.1,27.3,26.7859992980957,,,,27.0,96.0,1.0,1.0,2.0,94.0,65.0,31.0,,,,,,,0.0,Guyana,328.0,MICS,7/1/19,3.5
GNB,Guinea-Bissau,2015490.0,2006.0,35.73,49.1,44.1959991455078,,,3.0,44.0,59.0,14.0,27.0,0.0,24.0,35.0,38.0,3190.0,425647.0,526897.0,3949.0,1422.0,2527.0,0.0,Guinea-Bissau,624.0,MICS,7/1/18,6.81
DJI,Djibouti,1002197.0,2006.0,8.98,243.2,78.0619964599609,,,35.0,78.0,76.0,15.0,7.0,2.0,46.0,83.0,8.0,,,,,,,0.0,Djibouti,262.0,MICS,7/1/06,5.89
GIN,Guinea,13497237.0,2005.0,25.0,74.0,36.875,14.7524194717407,,3.4,37.0,64.0,21.0,6.0,8.0,42.0,25.0,61.0,12815.0,4476494.0,4865346.0,13928.0,2507.0,11421.0,0.0,Guinea,324.0,DHS,8/11/21,6.39
BFA,Burkina Faso,21497097.0,2010.0,84.2,23.6,30.6070003509522,13.5582590103149,,10.0,31.0,47.0,31.0,21.0,0.0,20.0,28.0,50.0,52596.0,8512737.0,8058463.0,49789.0,5477.0,44312.0,0.0,Burkina Faso,854.0,DHS,10/1/14,5.92
ZMB,Zambia,18920657.0,2007.0,40.6,53.3,44.6290016174316,15.3585596084595,4.3,3.0,45.0,65.0,6.0,22.0,7.0,30.0,32.0,39.0,25624.0,2976680.0,4570494.0,39344.0,10623.0,28721.0,0.0,Zambia,894.0,DHS,8/1/18,5
NER,Niger,25130810.0,2006.0,10.2,17.8,16.6259994506836,5.3149495124816895,,30.0,17.0,47.0,22.0,27.0,4.0,17.0,40.0,29.0,10072.0,4565878.0,4565878.0,10072.0,1511.0,8561.0,0.0,Niger,562.0,DHS,24/4/12,5.92
NIU,Niue,1614.0,,,17.7,,,,,46.0,97.0,0.0,3.0,0.0,94.0,97.0,0.0,,,,,,,0.0,,,,,
TON,Tonga,106759.0,,,77.3,23.0990009307861,,,,23.0,99.0,0.0,0.0,0.0,98.0,100.0,0.0,,,,,,,0.0,Tonga,776.0,MICS,7/1/19,5.3
TKL,Tokelau,1368.0,,,0.0,,,,,0.0,100.0,0.0,0.0,0.0,97.0,95.0,4.0,,,,,,,0.0,Tokelau,772.0,DYB,7/1/11,5.24
TGO,Togo,8478242.0,2010.0,32.34,28.0,42.7999992370606,22.1089172363281,,3.4,43.0,69.0,6.0,14.0,11.0,20.0,25.0,50.0,4550.0,1021474.0,1921381.0,8558.0,2568.0,5990.0,0.0,Togo,768.0,MICS,7/1/17,4.35
ARG,Argentina,45605823.0,2001.0,72.49,77.5,92.1110000610352,42.7819137573242,4.9,4.8,92.0,99.0,0.0,0.0,0.0,97.0,96.0,3.0,,,,,,,0.0,Argentina,32.0,MICS,7/1/19,2.95
TLS,Timor,1343875.0,2009.0,11.0,185.0,31.3199996948242,,,,31.0,85.0,2.0,8.0,4.0,74.0,66.0,22.0,,,,,,,0.0,Timor-Leste,626.0,DHS,11/3/16,5.27
THA,Thailand,69950844.0,2006.0,57.6,105.1,51.4300003051758,20.9387702941895,4.7,2.4,51.0,100.0,0.0,0.0,0.0,100.0,81.0,19.0,,,,,,,0.0,Thailand,764.0,MICS,7/1/19,2.84
ARM,Armenia,2968128.0,2010.0,4.0,268.8,63.3129997253418,36.6974716186523,3.6,,63.0,100.0,0.0,0.0,0.0,100.0,100.0,0.0,,,,,,,0.0,Armenia,51.0,DHS,2/5/16,3.54
TZA,Tanzania,61498438.0,2010.0,43.3,67.7,35.2270011901856,13.3807649612427,3.9,3.0,35.0,61.0,11.0,15.0,13.0,36.0,38.0,34.0,22527.0,7825168.0,10007286.0,28809.0,9507.0,19302.0,0.0,United Republic of Tanzania,834.0,DHS,17/11/15,4.85
ABW,Aruba,107195.0,,,46.2,43.6969985961914,,,,43.0,98.0,0.0,2.0,0.0,96.0,94.0,4.0,,,,,,,0.0,Aruba,533.0,DYB,7/1/10,2.89
TJK,Tajikistan,9749625.0,2005.0,23.94,530.1,27.5060005187988,,3.6,1.9,28.0,82.0,3.0,3.0,12.0,60.0,65.0,19.0,,,,,,,0.0,Tajikistan,762.0,DHS,24/9/17,5.99
TWN,Taiwan,23855008.0,,,349.0,,,5.3,2.3,,,,,,,,,,,,,,,0.0,,,,,
TTO,Trinidad and Tobago,1403374.0,2006.0,50.07,60.3,53.2140007019043,,3.4,4.8,53.0,99.0,1.0,0.0,0.0,99.0,93.0,7.0,,,,,,,0.0,Trinidad and Tobago,780.0,MICS,7/1/11,3.21
SYR,Syria,18275704.0,,,75.6,55.4749984741211,31.7682476043701,,,55.0,94.0,6.0,0.0,0.0,85.0,71.0,29.0,,,,,,,0.0,Syrian Arab Republic,760.0,MICS,7/1/06,5.65
SWE,Sweden,10160159.0,2002.0,84.88,71.5,87.9769973754883,15.9102096557617,6.1,2.2,88.0,100.0,0.0,0.0,0.0,100.0,88.0,12.0,,,,,,,0.0,,,,,
AUS,Australia,25788217.0,2000.0,57.99,14.3,86.2409973144531,61.2379684448242,5.6,2.3,86.0,100.0,0.0,0.0,0.0,97.0,91.0,9.0,,,,,,,0.0,Australia,36.0,DYB,7/1/16,2.55
SUR,Suriname,591798.0,2010.0,38.42,30.7,66.1490020751953,,,,66.0,98.0,1.0,0.0,0.0,96.0,80.0,19.0,,,,,,,0.0,Suriname,740.0,MICS,7/1/18,3.86
SDN,Sudan,44909351.0,2008.0,7.61,44.2,35.2529983520508,13.3359107971191,,20.0,35.0,60.0,27.0,4.0,9.0,39.0,46.0,41.0,12058.0,9529205.0,12225957.0,15470.0,5415.0,10055.0,0.0,Sudan,729.0,MICS,7/1/14,5.89
AUT,Austria,9043072.0,2002.0,84.85,351.3,58.7480010986328,21.7551460266113,5.9,2.4,59.0,100.0,0.0,0.0,0.0,100.0,,,,,,,,,0.0,Austria,40.0,LFS,7/1/11,2.27
LKA,Sri Lanka,21497306.0,2002.0,44.69,65.0,18.7129993438721,,4.2,3.4,19.0,92.0,0.0,5.0,2.0,78.0,39.0,53.0,,,,,,,0.0,,,,,
ESP,Spain,46745211.0,2002.0,64.02,168.9,80.8099975585938,25.9704303741455,6.2,3.4,81.0,100.0,0.0,0.0,0.0,100.0,100.0,0.0,,,,,,,0.0,Spain,724.0,LFS,7/1/11,2.69
AZE,Azerbaijan,10223344.0,2006.0,6.9,167.2,56.3969993591309,23.3000106811523,4.2,2.3,56.0,96.0,1.0,3.0,0.0,90.0,91.0,6.0,,,,,,,0.0,Azerbaijan,31.0,DYB,7/1/09,4.55
SSD,South Sudan,11381377.0,2008.0,25.1,,20.1989994049072,,,,20.0,41.0,37.0,14.0,8.0,3.0,4.0,74.0,11790.0,5098594.0,7111235.0,16444.0,3289.0,13155.0,0.0,South Sudan,728.0,MICS,7/1/10,5.98
KOR,South Korea,51305184.0,2000.0,42.61,196.0,81.4140014648438,50.3586540222168,5.6,3.6,,,,,,,,,,,,,,,0.0,Republic of Korea,410.0,DYB,7/1/20,2.34
BHS,Bahamas,396914.0,,,5.5,83.245002746582,,,,83.0,99.0,0.0,1.0,0.0,98.0,97.0,2.0,,,,,,,0.0,Bahamas,44.0,DYB,7/1/10,3.4
CHE,Switzerland,8715494.0,2000.0,73.43,476.1,73.9150009155273,16.1920166015625,5.8,2.5,74.0,100.0,0.0,0.0,0.0,100.0,100.0,0.0,,,,,,,0.0,Switzerland,756.0,IPUMS,7/1/00,2.21
ZAF,South Africa,60041996.0,2008.0,13.19,176.1,67.3539962768555,36.1491355895996,5.8,3.0,67.0,94.0,3.0,1.0,2.0,78.0,91.0,6.0,34130.0,2506185.0,2215152.0,30167.0,8145.0,22022.0,0.0,South Africa,710.0,DHS,29/8/16,3.36
ATG,Antigua and Barbuda,98728.0,,,0.6,24.4330005645752,,,,25.0,97.0,0.0,3.0,0.0,75.0,94.0,2.0,,,,,,,0.0,,,,,
TUR,Turkey,85042736.0,2002.0,31.45,262.0,76.1050033569336,37.4540519714356,5.4,,76.0,97.0,2.0,0.0,0.0,93.0,95.0,4.0,,,,,,,0.0,Türkiye,792.0,DHS,21/2/04,4.07
AFG,Afghanistan,39835428.0,2011.0,31.82,251.8,26.0259990692139,10.8843231201172,,3.7,26.0,75.0,1.0,15.0,9.0,48.0,22.0,54.0,,,,,,,0.0,Afghanistan,4.0,DHS,19/10/15,8.04
OWID_WRL,World,7874965730.0,,,,56.1633682250977,24.6194305419922,,,,,,,,,,,,,,,,,0.0,,,,,
ESH,Western Sahara,611872.0,,,20.3,,,,,,,,,,,,,,,,,,,0.0,,,,,
WLF,Wallis and Futuna,11094.0,,,130.6,,,,,0.0,100.0,0.0,0.0,0.0,98.0,99.0,0.0,,,,,,,0.0,,,,,
VNM,Vietnam,98168829.0,2011.0,68.63,205.4,37.3400001525879,18.2477283477783,3.6,2.1,37.0,97.0,0.0,3.0,0.0,97.0,48.0,48.0,,,,,,,0.0,Viet Nam,704.0,MICS,7/1/20,3.44
VEN,Venezuela,28704947.0,2001.0,29.96,63.4,88.2789993286133,33.5154113769531,4.2,5.0,88.0,94.0,0.0,6.0,1.0,86.0,79.0,15.0,,,,,,,0.0,Venezuela (Bolivarian Republic of),862.0,IPUMS,7/1/01,4.33
VAT,Vatican,812.0,,,43.8,,,,,,,,,,,,,,,,,,,0.0,,,,,
VUT,Vanuatu,314464.0,2008.0,11.66,172.9,25.5249996185303,,,,26.0,91.0,1.0,0.0,8.0,50.0,48.0,45.0,,,,,,,0.0,Vanuatu,548.0,MICS,7/1/07,5.08
ALB,Albania,2872934.0,2008.0,21.4,342.7,62.1119995117188,,3.9,2.8,62.0,95.0,2.0,3.0,0.0,82.0,81.0,16.0,,,,,,,0.0,Albania,8.0,DHS,12/1/17,3.30
UZB,Uzbekistan,33935765.0,2006.0,33.73,52.6,50.4160003662109,7.33285045623779,,2.3,50.0,98.0,0.0,0.0,2.0,59.0,70.0,28.0,,,,,,,0.0,Uzbekistan,860.0,MICS,7/1/06,5.22
URY,Uruguay,3485152.0,2002.0,71.03,43.5,95.5149993896484,50.499454498291,4.4,9.7,96.0,100.0,0.0,0.0,0.0,99.0,100.0,0.0,,,,,,,0.0,Uruguay,858.0,MICS,7/1/12,3.02
TUN,Tunisia,11935764.0,2002.0,30.17,72.6,69.568000793457,20.1296920776367,4.2,8.1,70.0,98.0,2.0,0.0,0.0,89.0,93.0,7.0,,,,,,,0.0,Tunisia,788.0,MICS,7/1/18,3.89
DZA,Algeria,44616626.0,,,51.0,73.7330017089844,6.29616069793701,4.5,6.0,74.0,94.0,5.0,0.0,0.0,79.0,72.0,28.0,,,,,,,0.0,Algeria,12.0,MICS,7/1/18,4.94
USA,United States,332915074.0,2000.0,56.89,107.3,82.6640014648438,46.5439605712891,6.3,3.6,83.0,100.0,0.0,0.0,0.0,100.0,99.0,1.0,,,,,,,0.0,United States of America,840.0,IPUMS,7/1/15,2.49
ASM,American Samoa,55103.0,,,264.7,87.1529998779297,,,,87.0,100.0,0.0,0.0,0.0,99.0,100.0,0.0,,,,,,,0.0,,,,,
GBR,United Kingdom,68207114.0,2000.0,53.55,56.8,83.9029998779297,27.2354297637939,5.5,2.4,84.0,100.0,0.0,0.0,0.0,100.0,100.0,0.0,,,,,,,0.0,United Kingdom,826.0,LFS,7/1/11,2.27
ARE,United Arab Emirates,9991083.0,2002.0,66.35,76.9,87.0479965209961,61.7550086975098,6.1,176.0,87.0,100.0,0.0,0.0,0.0,99.0,100.0,0.0,,,,,,,0.0,,,,,
AND,Andorra,77354.0,,,571.7,87.9160003662109,,,,88.0,100.0,0.0,0.0,0.0,100.0,100.0,0.0,,,,,,,0.0,,,,,
UKR,Ukraine,43466822.0,2007.0,40.4,41.6,69.6080017089844,12.3924913406372,3.9,2.6,70.0,94.0,6.0,0.0,0.0,92.0,64.0,36.0,,,,,,,0.0,Ukraine,804.0,MICS,7/1/12,2.53
UGA,Uganda,47123533.0,2011.0,37.1,91.3,24.9540004730225,7.36251163482666,4.1,3.3,25.0,56.0,27.0,12.0,5.0,17.0,23.0,60.0,58366.0,21259081.0,20454379.0,56157.0,10670.0,45487.0,0.0,Uganda,800.0,DHS,15/1/19,4.87
AGO,Angola,33933611.0,2008.0,8.7,85.8,66.8249969482422,25.4372482299805,,4.2,67.0,57.0,9.0,19.0,14.0,39.0,42.0,24.0,4389.0,3862492.0,3862492.0,4389.0,1097.0,3292.0,0.0,Angola,24.0,DHS,1/1/16,4.82
TUV,Tuvalu,11925.0,,,2.5,64.0139999389648,,,,64.0,100.0,0.0,0.0,0.0,98.0,100.0,0.0,,,,,,,0.0,Tuvalu,798.0,MICS,7/1/19,6.05
TCA,Turks and Caicos Islands,39226.0,,,0.7,93.6050033569336,,,,93.0,94.0,0.0,6.0,0.0,90.0,68.0,26.0,,,,,,,0.0,Turks and Caicos Islands,796.0,MICS,7/1/19,2.37
TKM,Turkmenistan,6117933.0,2000.0,13.1,28.4,52.515998840332,,,2.6,53.0,100.0,0.0,0.0,0.0,100.0,52.0,48.0,,,,,,,0.0,Turkmenistan,795.0,MICS,7/1/19,5.22
AIA,Anguilla,15125.0,,,1.3,,,,,100.0,97.0,0.0,3.0,0.0,88.0,,,,,,,,,0.0,,,,,
VIR,United States Virgin Islands,104218.0,,,140.4,95.9390029907227,,,,96.0,99.0,0.0,1.0,0.0,98.0,47.0,52.0,,,,,,,0.0,,,,,
SOM,Somalia,16359500.0,2006.0,1.85,65.0,46.140998840332,14.5960884094238,,85.0,46.0,56.0,28.0,13.0,2.0,36.0,47.0,37.0,712.0,1062900.0,1944604.0,1303.0,208.0,1095.0,0.0,Somalia,706.0,MICS,7/1/11,6.16
BHR,Bahrain,1748295.0,,,23.1,89.5059967041016,,5.1,,90.0,100.0,0.0,0.0,0.0,99.0,,,,,,,,,0.0,,,,,
SLB,Solomon Islands,703995.0,,,154.0,24.6700000762939,,,,25.0,67.0,6.0,21.0,6.0,52.0,46.0,27.0,,,,,,,0.0,,,,,
BTN,Bhutan,779900.0,2010.0,6.18,674.0,42.3160018920898,,2.4,2.1,42.0,97.0,2.0,0.0,0.0,88.0,100.0,0.0,,,,,,,0.0,Bhutan,64.0,MICS,7/1/10,4.59
PRI,Puerto Rico,2828246.0,,,144.7,93.5810012817383,74.6250228881836,,2.6,94.0,100.0,0.0,0.0,0.0,100.0,100.0,0.0,,,,,,,0.0,Puerto Rico,630.0,IPUMS,7/1/10,2.67
PRT,Portugal,10167923.0,2002.0,39.22,130.4,66.3099975585938,41.7733268737793,6.2,3.7,66.0,100.0,0.0,0.0,0.0,100.0,100.0,0.0,,,,,,,0.0,Portugal,620.0,LFS,7/1/11,2.66
POL,Poland,37797000.0,2000.0,68.85,29.7,60.0429992675781,4.7291898727417,4.8,2.8,60.0,100.0,0.0,0.0,0.0,98.0,89.0,11.0,,,,,,,0.0,Poland,616.0,LFS,7/1/11,2.81
BOL,Bolivia,11832936.0,2008.0,36.6,85.3,70.1230010986328,41.9765739440918,3.3,5.5,70.0,93.0,0.0,2.0,5.0,86.0,69.0,25.0,,,,,,,0.0,Bolivia (Plurinational State of),68.0,DYB,7/1/12,3.53
BES,Bonaire Sint Eustatius and Saba,26445.0,,,,,,,,,,,,,,,,,,,,,,0.0,,,,,
PHL,Philippines,111046910.0,2008.0,23.5,202.8,47.4080009460449,14.4308032989502,2.7,2.3,47.0,94.0,3.0,3.0,0.0,80.0,66.0,31.0,,,,,,,0.0,Philippines,608.0,DHS,17/9/17,4.23
PER,Peru,33359415.0,2007.0,21.6,134.7,78.2969970703125,32.6231498718262,3.5,3.7,78.0,93.0,0.0,4.0,2.0,86.0,90.0,4.0,,,,,,,0.0,Peru,604.0,DYB,7/1/17,3.46
PRY,Paraguay,7219641.0,2002.0,38.6,24.5,62.1829986572266,47.0125885009766,3.0,4.1,62.0,100.0,0.0,0.0,0.0,96.0,100.0,0.0,,,,,,,0.0,Paraguay,600.0,MICS,7/1/16,3.87
BIH,Bosnia and Herzegovina,3263459.0,2012.0,45.58,231.1,49.0200004577637,,3.4,2.4,49.0,96.0,4.0,0.0,0.0,91.0,95.0,5.0,,,,,,,0.0,Bosnia and Herzegovina,70.0,MICS,7/1/11,3.5
PNG,Papua New Guinea,9119005.0,,,158.9,13.3450002670288,,,2.1,13.0,45.0,2.0,22.0,30.0,33.0,18.0,29.0,,,,,,,0.0,Papua New Guinea,598.0,IPUMS,7/1/00,5.43
PAN,Panama,4381583.0,2000.0,42.6,154.0,68.4140014648438,43.3382263183594,4.4,3.0,68.0,94.0,2.0,2.0,1.0,94.0,93.0,3.0,,,,,,,0.0,Panama,591.0,MICS,7/1/13,3.64
QAT,Qatar,2930524.0,,,18.1,99.2350006103516,,5.3,185.0,99.0,100.0,0.0,0.0,0.0,96.0,100.0,0.0,,,,,,,0.0,Qatar,634.0,MICS,7/1/12,4.67
BWA,Botswana,2397240.0,1997.0,20.42,18.1,70.8769989013672,,5.3,29.0,71.0,92.0,5.0,2.0,1.0,82.0,91.0,6.0,,,156859.0,414.0,108.0,306.0,0.0,Botswana,72.0,IPUMS,7/1/11,3.52
PLW,Palau,18174.0,,,47.5,80.9879989624023,,,,81.0,100.0,0.0,0.0,0.0,91.0,86.0,14.0,,,,,,,0.0,Palau,585.0,DYB,7/1/05,..
PAK,Pakistan,225199929.0,2010.0,45.96,194.9,37.165000915527294,20.5061626434326,4.4,2.7,37.0,90.0,4.0,4.0,2.0,71.0,26.0,68.0,,,,,,,0.0,Pakistan,586.0,DHS,1/8/13,6.8
BRA,Brazil,213993441.0,2002.0,57.62,24.0,87.072998046875,42.4361419677734,3.9,4.5,87.0,100.0,0.0,0.0,1.0,100.0,98.0,1.0,,,,,,,0.0,Brazil,76.0,IPUMS,7/1/10,3.31
OMN,Oman,5223376.0,,,110.9,86.2760009765625,30.4396896362305,6.0,34.0,86.0,92.0,8.0,0.0,0.0,91.0,96.0,4.0,,,,,,,0.0,Oman,512.0,DYB,7/1/03,8.02
VGB,British Virgin Islands,30423.0,,,125.7,48.5149993896484,,,,49.0,100.0,0.0,0.0,0.0,98.0,96.0,4.0,,,,,,,0.0,,,,,
NOR,Norway,5465629.0,2002.0,80.51,240.9,82.9739990234375,19.4723453521729,4.0,2.3,83.0,100.0,0.0,0.0,0.0,100.0,100.0,0.0,,,,,,,0.0,Norway,578.0,DYB,7/1/11,2.22
MNP,Northern Mariana Islands,57910.0,,,170.0,91.7979965209961,,,,92.0,100.0,0.0,0.0,0.0,94.0,90.0,10.0,,,,,,,0.0,,,,,
MKD,North Macedonia,2082661.0,2005.0,57.66,266.5,58.4819984436035,,3.8,2.4,58.0,98.0,2.0,0.0,0.0,96.0,92.0,7.0,,,,,,,0.0,TFYR Macedonia,807.0,MICS,7/1/18,3.45
BRN,Brunei,441532.0,,,52.0,78.25,,5.2,,78.0,100.0,0.0,0.0,0.0,100.0,100.0,0.0,,,,,,,0.0,Brunei Darussalam,96.0,DYB,7/1/11,..
PRK,North Korea,25887045.0,,,252.1,62.3810005187988,12.0064430236816,,2.9,81.0,100.0,0.0,0.0,0.0,100.0,100.0,0.0,,,,,,,0.0,Dem. People's Rep. of Korea,408.0,DYB,7/1/08,3.93
PSE,Palestine,5222756.0,,,277.5,76.7190017700195,,,,77.0,98.0,1.0,1.0,,92.0,54.0,45.0,,,,,,,0.0,State of Palestine,275.0,MICS,7/1/19,5.06
REU,Reunion,901696.0,,,387.3,,,,,100.0,100.0,0.0,0.0,0.0,100.0,100.0,0.0,,,,,,,0.0,Réunion,638.0,DYB,7/1/15,2.64
ROU,Romania,19127772.0,,,126.7,54.1940002441406,9.36650657653809,3.8,2.4,54.0,100.0,0.0,0.0,0.0,82.0,64.0,36.0,,,,,,,0.0,Romania,642.0,LFS,7/1/11,2.88
BMU,Bermuda,62092.0,,,1.5,100.0,,,,100.0,100.0,0.0,0.0,0.0,100.0,100.0,0.0,,,,,,,0.0,Bermuda,60.0,DYB,7/1/16,2.26
SVN,Slovenia,2078723.0,2001.0,79.25,249.6,55.1180000305176,,4.8,2.5,55.0,100.0,0.0,0.0,0.0,98.0,,,,,,,,,0.0,Slovenia,705.0,DYB,7/1/15,2.47
SVK,Slovakia,5460726.0,2002.0,55.89,156.0,53.7599983215332,,4.8,2.4,54.0,100.0,0.0,0.0,0.0,100.0,98.0,2.0,,,,,,,0.0,Slovakia,703.0,LFS,7/1/11,2.8
BGD,Bangladesh,166303494.0,2011.0,25.4,18.6,38.1769981384277,16.1595649719238,3.0,2.5,38.0,98.0,1.0,0.0,0.0,82.0,15.0,83.0,,,,,,,0.0,Bangladesh,50.0,MICS,7/1/19,4.26
SXM,Sint Maarten (Dutch part),43421.0,,,,100.0,,,,,,,,,,,,,,,,,,0.0,Sint Maarten (Dutch part),534.0,DYB,7/1/11,2.58
SGP,Singapore,5896684.0,,,1.6,100.0,100.0,6.3,6.6,100.0,100.0,0.0,0.0,0.0,100.0,100.0,0.0,,,,,,,0.0,Singapore,702.0,DYB,7/1/20,2.95
SLE,Sierra Leone,8141343.0,2010.0,10.25,49.8,42.9230003356934,15.1876306533813,3.6,3.2,43.0,64.0,9.0,16.0,12.0,16.0,21.0,52.0,11895.0,1461299.0,1394525.0,11351.0,2838.0,8513.0,0.0,Sierra Leone,694.0,DHS,7/10/19,5.29
BRB,Barbados,287708.0,,,96.3,31.1909999847412,,,,31.0,99.0,0.0,1.0,0.0,98.0,99.0,0.0,,,,,,,0.0,Barbados,52.0,MICS,7/1/12,2.85
SYC,Seychelles,98910.0,,,488.5,57.5460014343262,,,,57.0,97.0,0.0,3.0,4.0,96.0,95.0,2.0,,,,,,,0.0,Seychelles,690.0,DYB,7/1/10,..
SRB,Serbia,8697547.0,,,167.3,56.4459991455078,20.4252662658691,4.2,,56.0,95.0,4.0,0.0,0.0,93.0,94.0,5.0,,,,,,,0.0,Serbia,688.0,MICS,7/1/19,2.85
SEN,Senegal,17196308.0,2010.0,16.6,24.4,48.1220016479492,18.7822742462158,4.2,14.0,48.0,85.0,2.0,13.0,0.0,73.0,75.0,12.0,2903.0,1034549.0,1034665.0,2903.0,639.0,2264.0,0.0,Senegal,686.0,DHS,16/8/17,8.66
BLR,Belarus,9442867.0,2000.0,38.49,16.4,79.4830017089844,21.7567176818848,,2.5,79.0,97.0,3.0,0.0,0.0,95.0,96.0,4.0,,,,,,,0.0,Belarus,112.0,MICS,7/1/19,2.34
SAU,Saudi Arabia,35340680.0,,,91.4,84.2870025634766,47.98876953125,5.9,223.0,84.0,100.0,0.0,0.0,0.0,100.0,84.0,16.0,,,,,,,0.0,,,,,
STP,Sao Tome and Principe,223364.0,2008.0,13.6,234.7,74.3539962768555,,,,74.0,78.0,20.0,0.0,1.0,36.0,97.0,1.0,,,,,,,0.0,Sao Tome and Principe,678.0,MICS,7/1/19,4.06
BEL,Belgium,11632334.0,2002.0,72.77,38.8,98.0790023803711,27.1465663909912,5.5,2.9,98.0,100.0,0.0,0.0,0.0,100.0,100.0,0.0,,,,,,,0.0,Belgium,56.0,LFS,7/1/11,2.36
SMR,San Marino,34010.0,,,180.2,97.4990005493164,,,,97.0,100.0,0.0,0.0,0.0,100.0,100.0,0.0,,,,,,,0.0,,,,,
WSM,Samoa,200144.0,,,167.7,17.8889999389648,,,,18.0,92.0,7.0,1.0,0.0,91.0,84.0,14.0,,,,,,,0.0,Samoa,882.0,MICS,7/1/19,6.6
VCT,Saint Vincent and the Grenadines,111269.0,,,307.1,53.0320014953613,,,,52.0,95.0,0.0,5.0,0.0,94.0,93.0,2.0,,,,,,,0.0,,,,,
BLZ,Belize,404915.0,2011.0,70.92,60.7,46.0250015258789,,,,46.0,98.0,1.0,0.0,0.0,97.0,87.0,13.0,,,,,,,0.0,Belize,84.0,MICS,7/1/15,3.75
SPM,Saint Pierre and Miquelon,5771.0,,,83.3,,,,,90.0,91.0,0.0,9.0,0.0,83.0,91.0,0.0,,,,,,,0.0,Saint Pierre and Miquelon,666.0,DYB,7/1/15,2.26
MAF,Saint Martin (French part),39239.0,,,,,,,,100.0,100.0,0.0,0.0,0.0,100.0,100.0,0.0,,,,,,,0.0,Saint-Martin (French part),663.0,DYB,7/1/15,2.56
LCA,Saint Lucia,184401.0,,,214.7,18.8409996032715,,,,19.0,97.0,2.0,1.0,0.0,94.0,97.0,2.0,,,,,,,0.0,Saint Lucia,662.0,MICS,7/1/12,2.89
KNA,Saint Kitts and Nevis,53546.0,,,0.6,30.8430004119873,,,,31.0,99.0,0.0,1.0,0.0,98.0,98.0,0.0,,,,,,,0.0,Saint Kitts and Nevis,659.0,DYB,7/1/11,..
SHN,Saint Helena,6095.0,,,386.3,,,,,40.0,100.0,0.0,0.0,0.0,99.0,98.0,0.0,,,,,,,0.0,Saint Helena,654.0,DYB,7/1/08,..
,Saint Barthlemy,9909.0,,,,74.9590606689453,26.14573097229,,,,,,,,,,,,,,,,,0.0,,,,,
RWA,Rwanda,13276517.0,2010.0,15.2,330.9,17.431999206543,8.8113956451416,3.8,4.3,17.0,60.0,22.0,13.0,4.0,12.0,38.0,44.0,1171.0,3073376.0,3817964.0,1455.0,233.0,1222.0,0.0,Rwanda,646.0,DHS,15/3/20,4.28
BEN,Benin,12451031.0,2006.0,39.5,14.1,48.415000915527294,,4.2,4.5,48.0,65.0,9.0,22.0,3.0,25.0,37.0,38.0,13003.0,2579406.0,2506177.0,12634.0,1516.0,11118.0,0.0,Benin,204.0,DHS,1/2/18,5.19
RUS,Russia,145912022.0,2002.0,22.85,94.0,74.7539978027344,23.5873432159424,4.2,2.6,75.0,97.0,0.0,2.0,,76.0,94.0,4.0,,,,,,,0.0,Russian Federation,643.0,IPUMS,7/1/10,2.58
NGA,Nigeria,211400704.0,2011.0,21.57,31.2,51.9580001831055,17.011302947998,3.8,3.5,52.0,78.0,5.0,12.0,6.0,29.0,10.0,72.0,26423.0,34256716.0,52581247.0,40557.0,17034.0,23523.0,0.0,Nigeria,566.0,DHS,21/10/18,4.66
ZWE,Zimbabwe,15092171.0,2010.0,22.6,119.4,32.242000579834,10.2161674499512,4.5,3.6,32.0,63.0,14.0,16.0,7.0,31.0,27.0,49.0,43480.0,5964541.0,5964541.0,43480.0,12174.0,31306.0,0.0,Zimbabwe,716.0,MICS,7/1/19,4.02
BLM,,,,,,,,,,,,,,,,,,,,,,,,,Saint Barthélémy,652.0,DYB,7/1/15,2.42
unk_412,,,,,,,,,,,,,,,,,,,,,,,,,Kosovo (under UNSC res. 1244),412.0,MICS,7/1/19,4.9
unk_830,,,,,,,,,,,,,,,,,,,,,,,,,Channel Islands,830.0,DYB,7/1/18,..
