alpha3,Entity,Population,YearPBO,PBO,Terrain Ruggedness,Urban %,Urban Agg %,RoadQuality,Km,Country,Year,Population,Urb %,National At Least Basic,National Limit (more than 30 mins),National Unimproved,National Surface Water,Nat Accesible On Premises,Nat Piped,Nat NonPiped,Country,Year,Data source,Spatial Adjustment,No. HPs,Year of HP estimate,2015 (C),Temporal factor,No. HPs in 2015,% non- functional,Non-functional HPs,Functional HPS,Risk
ANT,Netherlands Antilles,321292.0,,,25.5,,,,,,,,,,,,,,,,,,,,,,,,,,,,0
SJM,Svalbard and Jan Mayen,2400.0,,,162.3,,,,,,,,,,,,,,,,,,,,,,,,,,,,0
BGR,Bulgaria,6896655.0,2000.0,22.62,147.9,75.68599700927734,18.66188621520996,4.2,9.5,Bulgaria,2020.0,6948.0,76.0,100.0,0.0,0.0,0.0,98.0,100.0,0.0,,,,,,,,,,,,,0
YEM,Yemen,30490639.0,2006.0,9.32,232.3,37.90800094604492,10.085785865783691,2.8,23,Yemen,2020.0,29826.0,38.0,61.0,29.0,8.0,3.0,49.0,56.0,34.0,,,,,,,,,,,,,0
TCD,Chad,16914985.0,2004.0,21.5,41.9,23.520000457763672,8.726662635803223,3.2,11,Chad,2020.0,16426.0,24.0,46.0,15.0,32.0,8.0,9.0,20.0,41.0,Chad,2000,See Table 1,No,3267.0,1106678.0,4041010.0,3.65,11929.0,16%,1909.0,10020.0,0
MLI,Mali,20855724.0,2006.0,46.2,14.7,43.90900039672852,13.009349822998049,3.8,9.6,Mali,2020.0,20251.0,44.0,83.0,4.0,12.0,1.0,36.0,50.0,37.0,Mali,2015-16,See Table 1,Multiplied 19951 HPs by 1.11 based on data from INSTAT (2016)c,22147.0,5580145.0,5580145.0,1.0,22147.0,29%,6423.0,15724.0,0
OWID_CIS,Channel Islands,175244.0,,,,30.96299934387207,,,,,,,,,,,,,,,,,,,,,,,,,,,0
MDV,Maldives,543620.0,2009.0,39.9,1.2,40.66899871826172,,,,Maldives,2020.0,541.0,41.0,100.0,0.0,0.0,0.0,98.0,51.0,48.0,,,,,,,,,,,,,0
MYS,Malaysia,32776195.0,2002.0,44.49,100.9,77.16000366210938,25.05109214782715,4.0,2.5,Malaysia,2020.0,32366.0,77.0,97.0,0.0,3.0,,94.0,95.0,2.0,,,,,,,,,,,,,0
MWI,Malawi,19647681.0,2010.0,43.8,102.7,17.427000045776367,5.959232330322266,3.9,2.5,Malawi,2020.0,19130.0,17.0,70.0,22.0,6.0,2.0,18.0,22.0,70.0,Malawi,2007,See Table 1,No,24769.0,7018868.0,10828276.0,1.54,38212.0,22%,8407.0,29805.0,0
CHL,Chile,19212362.0,2002.0,53.1,248.1,87.72699737548828,35.45489883422852,5.7,3.2,Chile,2020.0,19116.0,88.0,100.0,0.0,0.0,0.0,100.0,100.0,0.0,,,,,,,,,,,,,0
MDG,Madagascar,28427333.0,2008.0,22.6,116.9,38.53400039672852,12.424409866333008,2.2,,Madagascar,2020.0,27691.0,39.0,53.0,3.0,32.0,12.0,23.0,35.0,21.0,Madagascar,2018,See Table 1,No,15068.0,3532216.0,3163536.0,0.9,13495.0,20%,2699.0,10796.0,0
MAC,Macao,658391.0,,,73.2,100.0,,,,China Macao SAR,2020.0,649.0,100.0,100.0,0.0,0.0,0.0,100.0,100.0,0.0,,,,,,,,,,,,,0
LUX,Luxembourg,634814.0,2002.0,64.04,88.1,91.4530029296875,,5.6,3.5,Luxembourg,2020.0,626.0,91.0,100.0,0.0,0.0,0.0,100.0,100.0,0.0,,,,,,,,,,,,,0
CHN,China,1444216102.0,2010.0,62.97,187.8,61.428001403808594,29.70638084411621,5.5,2.7,China,2020.0,1463141.0,62.0,94.0,0.0,5.0,0.0,93.0,80.0,15.0,,,,,,,,,,,,,0
LTU,Lithuania,2689862.0,2000.0,38.94,17.5,68.0459976196289,,5.5,2.2,Lithuania,2020.0,2722.0,68.0,98.0,0.0,2.0,0.0,95.0,96.0,2.0,,,,,,,,,,,,,0
MLT,Malta,442790.0,1997.0,41.47,152.7,94.74400329589844,,3.2,,Malta,2020.0,442.0,95.0,100.0,0.0,0.0,0.0,100.0,100.0,0.0,,,,,,,,,,,,,0
LIE,Liechtenstein,38254.0,,,532.8000000000001,14.416000366210938,,,,Liechtenstein,2020.0,38.0,14.0,100.0,0.0,0.0,0.0,100.0,100.0,0.0,,,,,,,,,,,,,0
LBY,Libya,6958538.0,,,40.3,80.69100189208984,16.809741973876953,,233,Libya,2020.0,6871.0,81.0,100.0,0.0,0.0,0.0,90.0,78.0,22.0,,,,,,,,,,,,,0
LBR,Liberia,5180208.0,2009.0,3.0,26.3,52.0890007019043,30.289825439453125,3.4,3.6,Liberia,2020.0,5058.0,52.0,75.0,9.0,3.0,13.0,15.0,4.0,80.0,Liberia,2017,See Table 1,No,12684.0,1526658.0,1443089.0,0.95,11990.0,20%,2398.0,9592.0,0
LSO,Lesotho,2159067.0,2009.0,2.1,620.2,29.027999877929688,,3.5,2.4,Lesotho,2020.0,2142.0,29.0,72.0,10.0,12.0,5.0,29.0,69.0,14.0,Lesotho,2015a,Leketa et al. (2016),No,831.0,338795.0,338795.0,1.0,831.0,,216.0,615.0,0
COM,Comoros,888456.0,2002.0,6.71,332.8,29.3799991607666,,,,Comoros,2019.0,851.0,29.0,80.0,11.0,9.0,0.0,65.0,59.0,32.0,,,,,,,,,,,,,0
LBN,Lebanon,6769151.0,2011.0,10.1,419.7,88.92500305175781,35.967041015625,3.3,,Lebanon,2020.0,6825.0,89.0,93.0,7.0,0.0,0.0,90.0,89.0,11.0,,,,,,,,,,,,,0
LVA,Latvia,1866934.0,2002.0,17.98,15.4,68.31500244140625,,4.6,2.3,Latvia,2020.0,1886.0,68.0,99.0,0.0,0.0,0.0,96.0,94.0,5.0,,,,,,,,,,,,,0
COG,Congo,5657017.0,2005.0,5.9,15.2,67.8290023803711,65.82232666015625,,,Congo,2020.0,5518.0,68.0,74.0,10.0,10.0,6.0,53.0,53.0,31.0,Congo (Brazzaville),2008,See Table 1,No,511.0,407678.0,695285.0,1.71,871.0,50%,436.0,435.0,0
LAO,Laos,7379358.0,2006.0,47.21,255.3,36.290000915527344,,2.8,2.3,Lao People’s Democratic Republic,2020.0,7276.0,36.0,85.0,4.0,11.0,0.0,84.0,31.0,58.0,,,,,,,,,,,,,0
COK,Cook Islands,17572.0,,,96.0,,,,,Cook Islands,2020.0,18.0,75.0,100.0,0.0,0.0,0.0,87.0,89.0,11.0,,,,,,,,,,,,,0
KGZ,Kyrgyzstan,6628347.0,2006.0,23.19,428.7,36.85599899291992,,2.9,1.9,Kyrgyzstan,2020.0,6524.0,37.0,92.0,2.0,2.0,5.0,71.0,94.0,0.0,,,,,,,,,,,,,0
KWT,Kuwait,4328553.0,,,24.5,100.0,73.39604949951172,4.9,88,Kuwait,2020.0,4271.0,100.0,100.0,0.0,0.0,0.0,100.0,,,,,,,,,,,,,,,0
CRI,Costa Rica,5139053.0,1996.0,65.06,211.2,80.77100372314453,27.6422061920166,3.1,3.0,Costa Rica,2020.0,5094.0,81.0,100.0,0.0,0.0,0.0,100.0,100.0,0.0,,,,,,,,,,,,,0
COL,Colombia,51265841.0,2010.0,33.3,88.5,81.42500305175781,44.3362922668457,3.3,3.1,Colombia,2020.0,50883.0,81.0,97.0,0.0,0.0,1.0,96.0,89.0,9.0,,,,,,,,,,,,,0
KIR,Kiribati,121388.0,,,1.0,55.59400177001953,,,,Kiribati,2020.0,119.0,56.0,78.0,4.0,18.0,0.0,56.0,39.0,43.0,,,,,,,,,,,,,0
MHL,Marshall Islands,59618.0,,,1.4,77.79399871826172,,,,Marshall Islands,2020.0,59.0,78.0,89.0,11.0,0.0,0.0,83.0,31.0,69.0,,,,,,,,,,,,,0
MRT,Mauritania,4775110.0,2002.0,4.92,11.5,55.32699966430664,28.738094329833984,3.1,21,Mauritania,2020.0,4650.0,55.0,72.0,13.0,15.0,0.0,43.0,53.0,32.0,Mauritania,2003,MAED (2004),No,1190.0,359414.0,491544.0,1.37,1627.0,54%,879.0,748.0,0
NIC,Nicaragua,6702379.0,2005.0,31.99,99.2,59.012001037597656,16.007938385009766,3.7,4.3,Nicaragua,2020.0,6625.0,59.0,82.0,2.0,14.0,3.0,79.0,70.0,13.0,,,,,,,,,,,,,0
NZL,New Zealand,4860642.0,1992.0,62.49,203.8,86.6989974975586,31.819089889526367,4.9,2.5,New Zealand,2020.0,4822.0,87.0,100.0,0.0,0.0,0.0,100.0,100.0,0.0,,,,,,,,,,,,,0
NCL,New Caledonia,288217.0,,,158.6,71.51799774169922,,,,New Caledonia,2020.0,285.0,72.0,100.0,0.0,0.0,0.0,100.0,99.0,0.0,,,,,,,,,,,,,0
BDI,Burundi,12255429.0,2010.0,20.5,178.0,13.708000183105469,,3.1,3.3,Burundi,2020.0,11891.0,14.0,62.0,19.0,15.0,4.0,11.0,38.0,43.0,Burundi,2012,See Table 1,No,229.0,4470806.0,4687470.0,1.05,240.0,58%,139.0,101.0,0
NLD,Netherlands,17173094.0,2002.0,89.48,3.7,92.23600006103516,12.413606643676758,6.0,2.2,Sint Maarten,2017.0,41.0,100.0,95.0,0.0,5.0,0.0,93.0,91.0,5.0,,,,,,,,,,,,,0
NPL,Nepal,29674920.0,2011.0,39.7,504.3,20.576000213623047,4.959956169128418,3.0,2.2,Nepal,2020.0,29137.0,21.0,90.0,4.0,5.0,1.0,69.0,50.0,44.0,,,,,,,,,,,,,0
KHM,Cambodia,16946446.0,2010.0,65.5,54.0,24.23200035095215,12.649539947509766,3.6,3.0,Cambodia,2020.0,16719.0,24.0,71.0,14.0,6.0,9.0,48.0,32.0,53.0,,,,,,,,,,,,,0
NRU,Nauru,10873.0,,,31.1,100.0,,,,Nauru,2020.0,11.0,100.0,100.0,0.0,0.0,0.0,100.0,53.0,47.0,,,,,,,,,,,,,0
NAM,Namibia,2587344.0,2006.0,15.2,91.3,52.03300094604492,,5.9,25,Namibia,2020.0,2541.0,52.0,84.0,7.0,4.0,5.0,62.0,81.0,10.0,Namibia,2003,Karuaihe et al. (2014),No,931.0,250949.0,288561.0,1.15,1071.0,54%,578.0,493.0,0
MMR,Myanmar,54806014.0,2002.0,52.84,198.8,31.141000747680664,12.57343864440918,,2.2,Myanmar,2020.0,54410.0,31.0,84.0,2.0,5.0,10.0,64.0,33.0,52.0,,,,,,,,,,,,,0
CMR,Cameroon,27224262.0,2011.0,14.7,51.5,57.560001373291016,29.229833602905277,3.0,3.5,Cameroon,2020.0,26546.0,58.0,66.0,13.0,15.0,6.0,35.0,36.0,43.0,Cameroon,2011-15,See Table 1,Multiplied 6899 by 1.67 in proportion to total number of communes,11521.0,4102652.0,4345668.0,1.06,12203.0,32%,3905.0,8298.0,0
MOZ,Mozambique,32163045.0,2008.0,40.05,61.2,37.07400131225586,8.92312240600586,3.4,3.2,Mozambique,2020.0,31255.0,37.0,63.0,10.0,17.0,10.0,33.0,41.0,33.0,Mozambique,2011-12,1.2,Multiplied 12180 HPs by 1.17  based on data from MISAU et al. (2013)c,14205.0,5266446.0,6852638.0,1.3,18483.0,20%,3697.0,14786.0,0
MTQ,Martinique,374743.0,,,120.6,,,,,,,,,,,,,,,,,,,,,,,,,,,,0
MAR,Morocco,37344787.0,2003.0,25.4,241.3,63.53200149536133,21.915332794189453,5.1,6.2,Morocco,2020.0,36911.0,64.0,90.0,5.0,3.0,1.0,84.0,80.0,15.0,,,,,,,,,,,,,0
CAN,Canada,38067913.0,2000.0,67.28,77.5,81.56199645996094,45.85709762573242,5.9,2.8,Canada,2020.0,37742.0,82.0,100.0,0.0,0.0,0.0,100.0,100.0,0.0,,,,,,,,,,,,,0
MNE,Montenegro,628051.0,2005.0,29.36,,67.48799896240234,,2.9,,Montenegro,2020.0,628.0,67.0,99.0,0.0,0.0,0.0,98.0,89.0,10.0,,,,,,,,,,,,,0
MNG,Mongolia,3329282.0,2005.0,15.77,105.7,68.65699768066406,48.515892028808594,3.4,2.8,Mongolia,2020.0,3278.0,69.0,85.0,2.0,7.0,6.0,30.0,25.0,63.0,,,,,,,,,,,,,0
MCO,Monaco,39520.0,,,661.2,100.0,,,,Monaco,2020.0,39.0,100.0,100.0,0.0,0.0,0.0,100.0,100.0,0.0,,,,,,,,,,,,,0
MDA,Moldova,4024025.0,2005.0,27.2,79.9,42.8489990234375,,3.6,2.6,Republic of Moldova,2020.0,4034.0,43.0,91.0,2.0,8.0,0.0,74.0,72.0,20.0,,,,,,,,,,,,,0
CPV,Cape Verde,561901.0,,,236.7,66.6520004272461,,,,Cabo Verde,2020.0,556.0,67.0,89.0,8.0,3.0,0.0,88.0,90.0,7.0,,,,,,,,,,,,,0
CYM,Cayman Islands,66498.0,,,9.6,100.0,,,,Cayman Islands,2016.0,63.0,100.0,96.0,0.0,4.0,0.0,91.0,86.0,10.0,,,,,,,,,,,,,0
FSM,Micronesia (country),116255.0,,,135.3,22.933000564575195,,,,Micronesia (Federated States of),2019.0,114.0,23.0,88.0,0.0,12.0,,62.0,44.0,44.0,,,,,,,,,,,,,0
MEX,Mexico,130262220.0,2010.0,32.88,173.2,80.73100280761719,40.96237182617188,5.5,4.4,Mexico,2020.0,128933.0,81.0,100.0,0.0,0.0,0.0,96.0,98.0,2.0,,,,,,,,,,,,,0
MYT,Mayotte,279507.0,,,267.3,,,,,,,,,,,,,,,,,,,,,,,,,,,,0
MUS,Mauritius,1273428.0,2002.0,75.34,94.9,40.7599983215332,,4.7,,Mauritius,2020.0,1272.0,41.0,100.0,0.0,0.0,0.0,100.0,100.0,0.0,,,,,,,,,,,,,0
CAF,Central African Republic,4919987.0,2006.0,18.89,19.7,42.198001861572266,,,2.7,Central African Republic,2020.0,4830.0,42.0,37.0,26.0,34.0,4.0,6.0,14.0,49.0,Central African Rep.,2003,See Table 1,No,3177.0,1196004.0,1572640.0,1.31,4177.0,25%,1044.0,3133.0,0
MSR,Montserrat,4981.0,,,339.5,,,,,Montserrat,2020.0,5.0,9.0,98.0,0.0,2.0,0.0,98.0,98.0,0.0,,,,,,,,,,,,,0
KEN,Kenya,54985702.0,2009.0,29.45,66.9,27.9950008392334,11.390362739562988,4.3,3.7,Kenya,2020.0,53771.0,28.0,62.0,10.0,10.0,19.0,33.0,33.0,39.0,Kenya,2013,See Table 1,Multiplied 2580 HPs by 7.16 based on data from KNBS (2012)c,18473.0,11978646.0,13050415.0,1.09,20126.0,24%,4830.0,15296.0,0
KAZ,Kazakhstan,18994958.0,2011.0,24.78,37.2,57.67100143432617,16.54935073852539,4.1,2.7,Kazakhstan,2020.0,18777.0,58.0,95.0,2.0,3.0,0.0,89.0,81.0,16.0,,,,,,,,,,,,,0
CIV,Cote d'Ivoire,27053629.0,2006.0,43.14,22.4,51.70600128173828,19.793102264404297,5.1,3.8,Côte d’Ivoire,2020.0,26378.0,52.0,71.0,9.0,14.0,6.0,45.0,42.0,38.0,Cote d’Ivoire,2016,See Table 1,No,22807.0,4132116.0,4144538.0,1.0,22876.0,30%,6863.0,16013.0,0
GRD,Grenada,113015.0,,,208.8,36.5369987487793,,,,Grenada,2017.0,111.0,36.0,96.0,1.0,0.0,3.0,90.0,92.0,4.0,,,,,,,,,,,,,0
GRL,Greenland,56868.0,,,41.0,87.28199768066406,,,,Greenland,2020.0,57.0,87.0,100.0,0.0,0.0,0.0,97.0,100.0,0.0,,,,,,,,,,,,,0
GRC,Greece,10370747.0,2002.0,30.12,310.3,79.71499633789062,29.63306999206543,4.7,7.5,Greece,2020.0,10423.0,80.0,100.0,0.0,0.0,0.0,100.0,100.0,0.0,,,,,,,,,,,,,0
DOM,Dominican Republic,10953714.0,2007.0,1.5,164.1,82.54000091552734,30.93672561645508,4.6,3.9,Dominican Republic,2020.0,10848.0,83.0,97.0,0.0,1.0,2.0,95.0,81.0,16.0,,,,,,,,,,,,,0
GIB,Gibraltar,33691.0,,,781.1,100.0,,,,Gibraltar,2020.0,34.0,100.0,100.0,0.0,0.0,0.0,100.0,100.0,0.0,,,,,,,,,,,,,0
GHA,Ghana,31732128.0,2008.0,33.86,22.8,57.3489990234375,19.05647850036621,4.0,4,Ghana,2020.0,31073.0,57.0,86.0,7.0,3.0,5.0,41.0,35.0,58.0,Ghana,2016,CWSA (2017),No,32361.0,7704331.0,7517159.0,0.98,31575.0,26%,8209.0,23366.0,0
DEU,Germany,83900471.0,2002.0,76.6,59.7,77.4530029296875,9.671175956726074,6.1,2.8,Germany,2020.0,83784.0,77.0,100.0,0.0,0.0,0.0,100.0,100.0,0.0,,,,,,,,,,,,,0
GEO,Georgia,3979773.0,2005.0,8.16,365.9,59.45299911499024,29.063739776611328,4.4,2,Georgia,2020.0,3989.0,59.0,97.0,0.0,3.0,0.0,97.0,82.0,15.0,,,,,,,,,,,,,0
ECU,Ecuador,17888474.0,2002.0,61.27,127.8,64.16600036621094,27.63591194152832,4.6,3.6,Ecuador,2020.0,17643.0,64.0,95.0,0.0,3.0,2.0,95.0,91.0,5.0,,,,,,,,,,,,,0
GMB,Gambia,2486937.0,2006.0,44.24,35.3,62.58200073242188,,4.5,3.5,Gambia,2020.0,2417.0,63.0,81.0,9.0,10.0,0.0,45.0,77.0,13.0,The Gambia,2015a,Bojang et al. (2016),No,1841.0,235434.0,235434.0,1.0,1841.0,46%,847.0,994.0,0
GAB,Gabon,2278829.0,2000.0,3.4,21.8,90.09200286865234,,2.5,5.6,Gabon,2020.0,2226.0,90.0,85.0,8.0,7.0,3.0,71.0,82.0,11.0,Gabon,2012,See Table 1,No,1158.0,84888.0,96954.0,1.14,1323.0,47%,622.0,701.0,0
EGY,Egypt,104258327.0,2008.0,9.8,72.3,42.78300094604492,25.61323928833008,4.2,2.2,Egypt,2020.0,102334.0,43.0,100.0,0.0,0.0,0.0,98.0,100.0,0.0,,,,,,,,,,,,,0
DMA,Dominica,72172.0,,,0.3,71.08999633789062,,,,Dominica,2017.0,71.0,70.0,95.0,0.0,5.0,0.0,81.0,94.0,1.0,,,,,,,,,,,,,0
PYF,French Polynesia,282534.0,,,207.2,61.97499847412109,,,,French Polynesia,2020.0,281.0,62.0,100.0,0.0,0.0,0.0,98.0,100.0,0.0,,,,,,,,,,,,,0
FRA,France,65426177.0,2002.0,60.03,109.8,80.9749984741211,22.942480087280277,6.3,2.4,Mayotte,2020.0,273.0,46.0,96.0,0.0,4.0,3.0,96.0,93.0,4.0,,,,,,,,,,,,,0
FIN,Finland,5548361.0,2002.0,85.0,32.800000000000004,85.51699829101562,23.785350799560547,6.0,2.7,Finland,2020.0,5541.0,86.0,100.0,0.0,0.0,0.0,100.0,100.0,0.0,,,,,,,,,,,,,0
SLV,El Salvador,6518500.0,,,175.0,73.44400024414062,16.985811233520508,4.2,2.9,El Salvador,2020.0,6486.0,73.0,98.0,0.0,0.0,2.0,92.0,91.0,7.0,,,,,,,,,,,,,0
FJI,Fiji,902899.0,,,139.6,57.24700164794922,,,,Fiji,2020.0,896.0,57.0,94.0,0.0,3.0,2.0,71.0,83.0,11.0,,,,,,,,,,,,,0
FLK,Falkland Islands,3528.0,,,26.4,,,,,Falkland Islands,2020.0,3.0,79.0,95.0,0.0,5.0,0.0,93.0,91.0,5.0,,,,,,,,,,,,,0
FRO,Faeroe Islands,49053.0,,,225.3,42.39799880981445,,,,Faeroe Islands,2020.0,49.0,42.0,100.0,0.0,0.0,0.0,100.0,100.0,0.0,,,,,,,,,,,,,0
GNQ,Equatorial Guinea,1449891.0,,,55.900000000000006,73.0999984741211,,,,Equatorial Guinea,2017.0,1262.0,72.0,65.0,3.0,26.0,6.0,17.0,41.0,27.0,Equatorial Guinea,-,-,-,,,48864.0,,129.0,,34.0,95.0,0
ETH,Ethiopia,117876226.0,2011.0,2.3,157.0,21.69499969482422,4.246431827545166,3.3,6.7,Ethiopia,2020.0,114964.0,22.0,50.0,27.0,19.0,5.0,20.0,41.0,35.0,Ethiopia,2010-11,MoWIE (2015),No,47974.0,19376530.0,29006747.0,1.5,71817.0,33%,23700.0,48117.0,0
SWZ,Eswatini,1172369.0,2010.0,7.96,306.3,24.17099952697754,,,2.2,Eswatini,2020.0,1160.0,24.0,71.0,10.0,10.0,10.0,51.0,61.0,20.0,Swaziland,2013-15,See Table 1,No,801.0,213642.0,222336.0,1.04,834.0,28%,233.0,601.0,0
ERI,Eritrea,3601462.0,2002.0,10.5,248.1,35.770999908447266,,,19,Eritrea,2016.0,3377.0,39.0,52.0,18.0,13.0,17.0,34.0,52.0,18.0,Eritrea,2006,See Table 1,No,864.0,975624.0,464092.0,0.48,411.0,43%,177.0,234.0,0
EST,Estonia,1325188.0,2002.0,30.31,12.3,69.22899627685547,,5.2,2.9,Estonia,2020.0,1327.0,69.0,100.0,0.0,0.0,0.0,96.0,93.0,6.0,,,,,,,,,,,,,0
GUF,French Guiana,306450.0,,,20.5,,,,,French Guiana,2020.0,299.0,86.0,94.0,0.0,6.0,0.0,91.0,88.0,6.0,,,,,,,,,,,,,0
GLP,Guadeloupe,400013.0,,,118.8,,,,,,,,,,,,,,,,,,,,,,,,,,,,0
GUM,Guam,170184.0,,,66.60000000000001,94.93800354003906,,,,Guam,2020.0,169.0,95.0,100.0,0.0,0.0,0.0,100.0,100.0,0.0,,,,,,,,,,,,,0
GTM,Guatemala,18249868.0,1998.0,26.7,180.7,51.83599853515625,17.372314453125,2.7,3.3,Guatemala,2020.0,17916.0,52.0,94.0,1.0,3.0,2.0,87.0,77.0,18.0,,,,,,,,,,,,,0
JOR,Jordan,10269022.0,1997.0,8.9,109.7,91.41799926757812,21.249887466430664,4.8,,Jordan,2020.0,10203.0,91.0,99.0,0.0,0.0,0.0,98.0,89.0,10.0,,,,,,,,,,,,,0
JPN,Japan,126050796.0,1989.0,70.88,213.2,91.78199768066406,65.0799789428711,5.7,2.2,Japan,2020.0,126476.0,92.0,100.0,0.0,0.0,0.0,99.0,98.0,1.0,,,,,,,,,,,,,0
HRV,Croatia,4081657.0,2002.0,43.71,126.7,57.553001403808594,,5.4,2.4,Croatia,2020.0,4105.0,58.0,,,,,,,,,,,,,,,,,,,,0
JAM,Jamaica,2973462.0,,,178.8,56.31100082397461,,3.5,5.2,Jamaica,2020.0,2961.0,56.0,91.0,5.0,2.0,2.0,84.0,83.0,13.0,,,,,,,,,,,,,0
ITA,Italy,60367471.0,2002.0,65.63,245.8,71.03900146484375,19.217771530151367,5.3,2.6,Italy,2020.0,60462.0,71.0,100.0,0.0,0.0,0.0,98.0,98.0,1.0,,,,,,,,,,,,,0
ISR,Israel,8789776.0,2002.0,35.25,170.5,92.58699798583984,57.91120147705078,5.5,12,Israel,2020.0,8656.0,93.0,100.0,0.0,0.0,0.0,100.0,100.0,0.0,,,,,,,,,,,,,0
CUB,Cuba,11317498.0,,,52.8,77.19400024414062,18.93492889404297,,3.5,Cuba,2020.0,11327.0,77.0,97.0,1.0,1.0,0.0,93.0,80.0,19.0,,,,,,,,,,,,,0
IMN,Isle of Man,85410.0,,,,52.89799880981445,,,,Isle of Man,2020.0,85.0,53.0,100.0,0.0,0.0,0.0,97.0,98.0,0.0,,,,,,,,,,,,,0
IRL,Ireland,4982904.0,2002.0,50.04,51.3,63.65299987792969,24.715482711791992,5.3,2.4,Ireland,2020.0,4938.0,64.0,97.0,0.0,3.0,0.0,97.0,97.0,0.0,,,,,,,,,,,,,0
CUW,Curacao,164796.0,,,,89.06199645996094,,,,,,,,,,,,,,,,,,,,,,,,,,,0
IRQ,Iraq,41179351.0,2011.0,23.28,67.0,70.89299774169922,25.226058959960938,,2,Iraq,2020.0,40223.0,71.0,98.0,0.0,0.0,0.0,94.0,83.0,16.0,,,,,,,,,,,,,0
IRN,Iran,85028760.0,,,244.5,75.8740005493164,26.05832290649414,4.8,,Iran (Islamic Republic of),2020.0,83993.0,76.0,97.0,2.0,0.0,0.0,94.0,99.0,0.0,,,,,,,,,,,,,0
CYP,Cyprus,1215588.0,,,271.8,66.82099914550781,,5.1,,Cyprus,2020.0,1207.0,67.0,100.0,0.0,0.0,0.0,100.0,100.0,0.0,,,,,,,,,,,,,0
IDN,Indonesia,276361788.0,2007.0,47.2,96.7,56.64099884033203,13.760014533996582,3.5,3.5,Indonesia,2020.0,273524.0,57.0,92.0,0.0,6.0,1.0,66.0,35.0,59.0,,,,,,,,,,,,,0
IND,India,1393409033.0,2011.0,44.82,101.29999999999998,34.92599868774414,16.16801643371582,4.6,3.2,India,2020.0,1380004.0,35.0,90.0,5.0,4.0,0.0,66.0,44.0,52.0,,,,,,,,,,,,,0
CZE,Czechia,10724553.0,2002.0,42.76,88.4,74.06099700927734,12.24980354309082,5.1,2.6,Czech Republic,2020.0,10709.0,74.0,100.0,0.0,0.0,0.0,98.0,100.0,0.0,,,,,,,,,,,,,0
ISL,Iceland,343360.0,,,147.2,93.89800262451172,,4.6,7,Iceland,2020.0,341.0,94.0,100.0,0.0,0.0,0.0,100.0,100.0,0.0,,,,,,,,,,,,,0
HUN,Hungary,9634162.0,2002.0,34.12,34.599999999999994,71.94200134277344,18.22718811035156,5.0,2.8,Hungary,2020.0,9660.0,72.0,100.0,0.0,0.0,0.0,100.0,100.0,0.0,,,,,,,,,,,,,0
HKG,Hong Kong,7552800.0,,,250.1,100.0,100.0,6.2,,China Hong Kong SAR,2020.0,7497.0,100.0,100.0,0.0,0.0,0.0,100.0,100.0,0.0,,,,,,,,,,,,,0
COD,Democratic Republic of Congo,92377986.0,2010.0,21.26,44.3,45.63800048828125,24.934480667114254,3.0,2.9,Democractic Republic of Congo,2020.0,89561.0,46.0,46.0,13.0,33.0,8.0,19.0,35.0,24.0,Dem. Rep. of Congo,2011,See Table 1,Multiplied 2214 by 1.34 in proportion to total rural population,2965.0,9449129.0,10679065.0,1.13,3351.0,25%,838.0,2513.0,0
HND,Honduras,10062994.0,2011.0,33.3,215.0,58.35900115966797,14.760011672973633,3.8,2.9,Honduras,2020.0,9905.0,58.0,96.0,0.0,4.0,0.0,89.0,92.0,5.0,,,,,,,,,,,,,0
HTI,Haiti,11541683.0,2005.0,17.5,236.2,57.0880012512207,24.639793395996094,,2.7,Haiti,2020.0,11403.0,57.0,67.0,10.0,23.0,0.0,8.0,19.0,57.0,,,,,,,,,,,,,0
DNK,Denmark,5813302.0,2002.0,88.59,18.9,88.11599731445312,23.2200984954834,5.7,2.9,Denmark,2020.0,5792.0,88.0,100.0,0.0,0.0,0.0,97.0,100.0,0.0,,,,,,,,,,,,,0
GUY,Guyana,790329.0,2009.0,52.1,27.3,26.785999298095703,,,,Guyana,2020.0,787.0,27.0,96.0,1.0,1.0,2.0,94.0,65.0,31.0,,,,,,,,,,,,,0
GNB,Guinea-Bissau,2015490.0,2006.0,35.73,49.1,44.19599914550781,,,3,GuineaBissau,2020.0,1968.0,44.0,59.0,14.0,27.0,0.0,24.0,35.0,38.0,Guinea-Bissau,2009,DGRE & UNDP (2010),No,3190.0,425647.0,526897.0,1.24,3949.0,36%,1422.0,2527.0,0
DJI,Djibouti,1002197.0,2006.0,8.98,243.2,78.06199645996094,,,35,Djibouti,2020.0,988.0,78.0,76.0,15.0,7.0,2.0,46.0,83.0,8.0,,,,,,,,,,,,,0
GIN,Guinea,13497237.0,2005.0,25.0,74.0,36.875,14.752419471740724,,3.4,Guinea,2020.0,13133.0,37.0,64.0,21.0,6.0,8.0,42.0,25.0,61.0,Guinea,2012,See Table 1,No,12815.0,4476494.0,4865346.0,1.09,13928.0,18%,2507.0,11421.0,0
BFA,Burkina Faso,21497097.0,2010.0,84.2,23.6,30.60700035095215,13.55825901031494,,10,Burkina Faso,2020.0,20903.0,31.0,47.0,31.0,21.0,0.0,20.0,28.0,50.0,Burkina Faso,2017,See Table 1,No,52596.0,8512737.0,8058463.0,0.95,49789.0,11%,5477.0,44312.0,0
ZMB,Zambia,18920657.0,2007.0,40.6,53.3,44.62900161743164,15.358559608459473,4.3,3.0,Zambia,2020.0,18384.0,45.0,65.0,6.0,22.0,7.0,30.0,32.0,39.0,Zambia,2007,See Table 1,No,25624.0,2976680.0,4570494.0,1.54,39344.0,27%,10623.0,28721.0,0
NER,Niger,25130810.0,2006.0,10.2,17.8,16.625999450683594,5.3149495124816895,,30,Niger,2020.0,24207.0,17.0,47.0,22.0,27.0,4.0,17.0,40.0,29.0,Niger,2015,See Table 1,No,10072.0,4565878.0,4565878.0,1.0,10072.0,15%,1511.0,8561.0,0
NIU,Niue,1614.0,,,17.7,,,,,Niue,2020.0,2.0,46.0,97.0,0.0,3.0,0.0,94.0,97.0,0.0,,,,,,,,,,,,,0
TON,Tonga,106759.0,,,77.3,23.099000930786133,,,,Tonga,2020.0,106.0,23.0,99.0,0.0,0.0,0.0,98.0,100.0,0.0,,,,,,,,,,,,,0
TKL,Tokelau,1368.0,,,0.0,,,,,Tokelau,2020.0,1.0,0.0,100.0,0.0,0.0,0.0,97.0,95.0,4.0,,,,,,,,,,,,,0
TGO,Togo,8478242.0,2010.0,32.34,28.000000000000004,42.79999923706055,22.108917236328125,,"3,4",Togo,2020.0,8279.0,43.0,69.0,6.0,14.0,11.0,20.0,25.0,50.0,Togo,2006-7,See Table 1,No,4550.0,1021474.0,1921381.0,1.88,8558.0,30%,2568.0,5990.0,0
ARG,Argentina,45605823.0,2001.0,72.49,77.5,92.11100006103516,42.78191375732422,4.9,4.8,Argentina,2020.0,45196.0,92.0,99.0,0.0,0.0,0.0,97.0,96.0,3.0,,,,,,,,,,,,,0
TLS,Timor,1343875.0,2009.0,11.0,185.0,31.31999969482422,,,,TimorLeste,2020.0,1318.0,31.0,85.0,2.0,8.0,4.0,74.0,66.0,22.0,,,,,,,,,,,,,0
THA,Thailand,69950844.0,2006.0,57.6,105.1,51.43000030517578,20.938770294189453,4.7,2.4,Thailand,2020.0,69800.0,51.0,100.0,0.0,0.0,0.0,100.0,81.0,19.0,,,,,,,,,,,,,0
ARM,Armenia,2968128.0,2010.0,4.0,268.8,63.3129997253418,36.69747161865234,3.6,,Armenia,2020.0,2963.0,63.0,100.0,0.0,0.0,0.0,100.0,100.0,0.0,,,,,,,,,,,,,0
TZA,Tanzania,61498438.0,2010.0,43.3,67.7,35.22700119018555,13.380764961242676,3.9,3,United Republic of Tanzania,2020.0,59734.0,35.0,61.0,11.0,15.0,13.0,36.0,38.0,34.0,Tanzania,2011-13,See Table 1,Multiplied 22021 HPs by 1.02 based on data from TNBS (2018)c,22527.0,7825168.0,10007286.0,1.28,28809.0,33%,9507.0,19302.0,0
ABW,Aruba,107195.0,,,46.2,43.696998596191406,,,,Aruba,2016.0,105.0,43.0,98.0,0.0,2.0,0.0,96.0,94.0,4.0,,,,,,,,,,,,,0
TJK,Tajikistan,9749625.0,2005.0,23.94,530.1,27.506000518798828,,3.6,1.9,Tajikistan,2020.0,9538.0,28.0,82.0,3.0,3.0,12.0,60.0,65.0,19.0,,,,,,,,,,,,,0
TWN,Taiwan,23855008.0,,,349.0,,,5.3,2.3,,,,,,,,,,,,,,,,,,,,,,,,0
TTO,Trinidad and Tobago,1403374.0,2006.0,50.07,60.3,53.2140007019043,,3.4,4.8,Trinidad and Tobago,2020.0,1399.0,53.0,99.0,1.0,0.0,0.0,99.0,93.0,7.0,,,,,,,,,,,,,0
SYR,Syria,18275704.0,,,75.6,55.47499847412109,31.76824760437012,,,Syrian Arab Republic,2020.0,17501.0,55.0,94.0,6.0,0.0,0.0,85.0,71.0,29.0,,,,,,,,,,,,,0
SWE,Sweden,10160159.0,2002.0,84.88,71.5,87.97699737548828,15.91020965576172,6.1,2.2,Sweden,2020.0,10099.0,88.0,100.0,0.0,0.0,0.0,100.0,88.0,12.0,,,,,,,,,,,,,0
AUS,Australia,25788217.0,2000.0,57.99,14.3,86.24099731445312,61.23796844482422,5.6,2.3,Australia,2020.0,25500.0,86.0,100.0,0.0,0.0,0.0,97.0,91.0,9.0,,,,,,,,,,,,,0
SUR,Suriname,591798.0,2010.0,38.42,30.7,66.14900207519531,,,,Suriname,2020.0,587.0,66.0,98.0,1.0,0.0,0.0,96.0,80.0,19.0,,,,,,,,,,,,,0
SDN,Sudan,44909351.0,2008.0,7.61,44.2,35.25299835205078,13.33591079711914,,20,Sudan,2020.0,43849.0,35.0,60.0,27.0,4.0,9.0,39.0,46.0,41.0,Sudan,2009,See Table 1,Multiplied 7933 HPs by 1.52 based on data from FMH & CBS (2012)c,12058.0,9529205.0,12225957.0,1.28,15470.0,35%,5415.0,10055.0,0
AUT,Austria,9043072.0,2002.0,84.85,351.3,58.74800109863281,21.755146026611328,5.9,2.4,Austria,2020.0,9006.0,59.0,100.0,0.0,0.0,0.0,100.0,,,,,,,,,,,,,,,0
LKA,Sri Lanka,21497306.0,2002.0,44.69,65.0,18.71299934387207,,4.2,3.4,Sri Lanka,2020.0,21413.0,19.0,92.0,0.0,5.0,2.0,78.0,39.0,53.0,,,,,,,,,,,,,0
ESP,Spain,46745211.0,2002.0,64.02,168.9,80.80999755859375,25.970430374145508,6.2,3.4,Spain,2020.0,46755.0,81.0,100.0,0.0,0.0,0.0,100.0,100.0,0.0,,,,,,,,,,,,,0
AZE,Azerbaijan,10223344.0,2006.0,6.9,167.2,56.39699935913086,23.300010681152344,4.2,2.3,Azerbaijan,2020.0,10139.0,56.0,96.0,1.0,3.0,0.0,90.0,91.0,6.0,,,,,,,,,,,,,0
SSD,South Sudan,11381377.0,2008.0,25.1,,20.198999404907227,,,,South Sudan,2020.0,11194.0,20.0,41.0,37.0,14.0,8.0,3.0,4.0,74.0,South Sudan,2009-11,See Table 1,Multiplied 4951 HPs by 2.4 based on data from SSCCSE (2010)c,11790.0,5098594.0,7111235.0,1.39,16444.0,20%,3289.0,13155.0,0
KOR,South Korea,51305184.0,2000.0,42.61,196.0,81.41400146484375,50.3586540222168,5.6,3.6,,,,,,,,,,,,,,,,,,,,,,,,0
BHS,Bahamas,396914.0,,,5.5,83.24500274658203,,,,Bahamas,2019.0,389.0,83.0,99.0,0.0,1.0,0.0,98.0,97.0,2.0,,,,,,,,,,,,,0
CHE,Switzerland,8715494.0,2000.0,73.43,476.1,73.91500091552734,16.1920166015625,5.8,2.5,Switzerland,2020.0,8655.0,74.0,100.0,0.0,0.0,0.0,100.0,100.0,0.0,,,,,,,,,,,,,0
ZAF,South Africa,60041996.0,2008.0,13.19,176.1,67.35399627685547,36.14913558959961,5.8,3,South Africa,2020.0,59309.0,67.0,94.0,3.0,1.0,2.0,78.0,91.0,6.0,South Africa,2000,See Table 1,Multiplied 11963 HPs by 2.85 based on data from SSA (2004)c,34130.0,2506185.0,2215152.0,0.88,30167.0,27%,8145.0,22022.0,0
ATG,Antigua and Barbuda,98728.0,,,0.6,24.433000564575195,,,,Antigua and Barbuda,2017.0,95.0,25.0,97.0,0.0,3.0,0.0,75.0,94.0,2.0,,,,,,,,,,,,,0
TUR,Turkey,85042736.0,2002.0,31.45,262.0,76.1050033569336,37.45405197143555,5.4,,Turkey,2020.0,84339.0,76.0,97.0,2.0,0.0,0.0,93.0,95.0,4.0,,,,,,,,,,,,,0
AFG,Afghanistan,39835428.0,2011.0,31.82,251.8,26.025999069213867,10.884323120117188,,3.7,Afghanistan,2020.0,38928.0,26.0,75.0,1.0,15.0,9.0,48.0,22.0,54.0,,,,,,,,,,,,,0
OWID_WRL,World,7874965730.0,,,,56.163368225097656,24.619430541992188,,,,,,,,,,,,,,,,,,,,,,,,,,0
ESH,Western Sahara,611872.0,,,20.3,,,,,,,,,,,,,,,,,,,,,,,,,,,,0
WLF,Wallis and Futuna,11094.0,,,130.6,,,,,Wallis and Futuna Islands,2020.0,11.0,0.0,100.0,0.0,0.0,0.0,98.0,99.0,0.0,,,,,,,,,,,,,0
VNM,Vietnam,98168829.0,2011.0,68.63,205.4,37.34000015258789,18.24772834777832,3.6,2.1,Viet Nam,2020.0,97339.0,37.0,97.0,0.0,3.0,0.0,97.0,48.0,48.0,,,,,,,,,,,,,0
VEN,Venezuela,28704947.0,2001.0,29.96,63.4,88.27899932861328,33.515411376953125,4.2,5.0,Venezuela,2020.0,28436.0,88.0,94.0,0.0,6.0,1.0,86.0,79.0,15.0,,,,,,,,,,,,,0
VAT,Vatican,812.0,,,43.8,,,,,,,,,,,,,,,,,,,,,,,,,,,,0
VUT,Vanuatu,314464.0,2008.0,11.66,172.9,25.524999618530277,,,,Vanuatu,2020.0,307.0,26.0,91.0,1.0,0.0,8.0,50.0,48.0,45.0,,,,,,,,,,,,,0
ALB,Albania,2872934.0,2008.0,21.4,342.7,62.11199951171875,,3.9,2.8,Albania,2020.0,2878.0,62.0,95.0,2.0,3.0,0.0,82.0,81.0,16.0,,,,,,,,,,,,,0
UZB,Uzbekistan,33935765.0,2006.0,33.73,52.6,50.41600036621094,7.332850456237793,,2.3,Uzbekistan,2020.0,33469.0,50.0,98.0,0.0,0.0,2.0,59.0,70.0,28.0,,,,,,,,,,,,,0
URY,Uruguay,3485152.0,2002.0,71.03,43.5,95.51499938964844,50.499454498291016,4.4,9.7,Uruguay,2020.0,3474.0,96.0,100.0,0.0,0.0,0.0,99.0,100.0,0.0,,,,,,,,,,,,,0
TUN,Tunisia,11935764.0,2002.0,30.17,72.6,69.56800079345703,20.12969207763672,4.2,8.1,Tunisia,2020.0,11819.0,70.0,98.0,2.0,0.0,0.0,89.0,93.0,7.0,,,,,,,,,,,,,0
DZA,Algeria,44616626.0,,,51.0,73.73300170898438,6.296160697937012,4.5,6,Algeria,2020.0,43851.0,74.0,94.0,5.0,0.0,0.0,79.0,72.0,28.0,,,,,,,,,,,,,0
USA,United States,332915074.0,2000.0,56.89,107.3,82.66400146484375,46.54396057128906,6.3,3.6,United States of America,2020.0,331003.0,83.0,100.0,0.0,0.0,0.0,100.0,99.0,1.0,,,,,,,,,,,,,0
ASM,American Samoa,55103.0,,,264.7,87.15299987792969,,,,American Samoa,2020.0,55.0,87.0,100.0,0.0,0.0,0.0,99.0,100.0,0.0,,,,,,,,,,,,,0
GBR,United Kingdom,68207114.0,2000.0,53.55,56.8,83.90299987792969,27.235429763793945,5.5,2.4,United Kingdom,2020.0,67886.0,84.0,100.0,0.0,0.0,0.0,100.0,100.0,0.0,,,,,,,,,,,,,0
ARE,United Arab Emirates,9991083.0,2002.0,66.35,76.9,87.0479965209961,61.755008697509766,6.1,176,United Arab Emirates,2020.0,9890.0,87.0,100.0,0.0,0.0,0.0,99.0,100.0,0.0,,,,,,,,,,,,,0
AND,Andorra,77354.0,,,571.6999999999999,87.91600036621094,,,,Andorra,2020.0,77.0,88.0,100.0,0.0,0.0,0.0,100.0,100.0,0.0,,,,,,,,,,,,,0
UKR,Ukraine,43466822.0,2007.0,40.4,41.6,69.60800170898438,12.392491340637209,3.9,2.6,Ukraine,2020.0,43734.0,70.0,94.0,6.0,0.0,0.0,92.0,64.0,36.0,,,,,,,,,,,,,0
UGA,Uganda,47123533.0,2011.0,37.1,91.3,24.95400047302246,7.36251163482666,4.1,3.3,Uganda,2020.0,45741.0,25.0,56.0,27.0,12.0,5.0,17.0,23.0,60.0,Uganda,2016,See Table 1,No,58366.0,21259081.0,20454379.0,0.96,56157.0,19%,10670.0,45487.0,0
AGO,Angola,33933611.0,2008.0,8.7,85.8,66.82499694824219,25.43724822998047,,4.2,Angola,2020.0,32866.0,67.0,57.0,9.0,19.0,14.0,39.0,42.0,24.0,Angola,2015,See Table 1,No,4389.0,3862492.0,3862492.0,1.0,4389.0,25%,1097.0,3292.0,0
TUV,Tuvalu,11925.0,,,2.5,64.01399993896484,,,,Tuvalu,2020.0,12.0,64.0,100.0,0.0,0.0,0.0,98.0,100.0,0.0,,,,,,,,,,,,,0
TCA,Turks and Caicos Islands,39226.0,,,0.7000000000000001,93.6050033569336,,,,Turks and Caicos Islands,2018.0,38.0,93.0,94.0,0.0,6.0,0.0,90.0,68.0,26.0,,,,,,,,,,,,,0
TKM,Turkmenistan,6117933.0,2000.0,13.1,28.4,52.51599884033203,,,2.6,Turkmenistan,2020.0,6031.0,53.0,100.0,0.0,0.0,0.0,100.0,52.0,48.0,,,,,,,,,,,,,0
AIA,Anguilla,15125.0,,,1.3,,,,,Anguilla,2017.0,15.0,100.0,97.0,0.0,3.0,0.0,88.0,,,,,,,,,,,,,,,0
VIR,United States Virgin Islands,104218.0,,,140.39999999999998,95.93900299072266,,,,United States Virgin Islands,2020.0,104.0,96.0,99.0,0.0,1.0,0.0,98.0,47.0,52.0,,,,,,,,,,,,,0
SOM,Somalia,16359500.0,2006.0,1.85,65.0,46.14099884033203,14.596088409423828,,85,Somalia,2020.0,15893.0,46.0,56.0,28.0,13.0,2.0,36.0,47.0,37.0,Somalia,2007,MPIC (2009),Multiplied 213 HPs in Puntland by 3.34 in proportion to national population,712.0,1062900.0,1944604.0,1.83,1303.0,16%,208.0,1095.0,0
BHR,Bahrain,1748295.0,,,23.1,89.50599670410156,,5.1,,Bahrain,2020.0,1702.0,90.0,100.0,0.0,0.0,0.0,99.0,,,,,,,,,,,,,,,0
SLB,Solomon Islands,703995.0,,,154.0,24.670000076293945,,,,Solomon Islands,2020.0,687.0,25.0,67.0,6.0,21.0,6.0,52.0,46.0,27.0,,,,,,,,,,,,,0
BTN,Bhutan,779900.0,2010.0,6.18,674.0,42.31600189208984,,2.4,2.1,Bhutan,2020.0,772.0,42.0,97.0,2.0,0.0,0.0,88.0,100.0,0.0,,,,,,,,,,,,,0
PRI,Puerto Rico,2828246.0,,,144.70000000000002,93.58100128173828,74.6250228881836,,2.6,Puerto Rico,2020.0,2861.0,94.0,100.0,0.0,0.0,0.0,100.0,100.0,0.0,,,,,,,,,,,,,0
PRT,Portugal,10167923.0,2002.0,39.22,130.4,66.30999755859375,41.7733268737793,6.2,3.7,Portugal,2020.0,10197.0,66.0,100.0,0.0,0.0,0.0,100.0,100.0,0.0,,,,,,,,,,,,,0
POL,Poland,37797000.0,2000.0,68.85,29.7,60.042999267578125,4.729189872741699,4.8,2.8,Poland,2020.0,37847.0,60.0,100.0,0.0,0.0,0.0,98.0,89.0,11.0,,,,,,,,,,,,,0
BOL,Bolivia,11832936.0,2008.0,36.6,85.3,70.12300109863281,41.9765739440918,3.3,5.5,Bolivia,2020.0,11673.0,70.0,93.0,0.0,2.0,5.0,86.0,69.0,25.0,,,,,,,,,,,,,0
BES,Bonaire Sint Eustatius and Saba,26445.0,,,,,,,,,,,,,,,,,,,,,,,,,,,,,,,0
PHL,Philippines,111046910.0,2008.0,23.5,202.8,47.40800094604492,14.430803298950195,2.7,2.3,Philippines,2020.0,109581.0,47.0,94.0,3.0,3.0,0.0,80.0,66.0,31.0,,,,,,,,,,,,,0
PER,Peru,33359415.0,2007.0,21.6,134.7,78.2969970703125,32.62314987182617,3.5,3.7,Peru,2020.0,32972.0,78.0,93.0,0.0,4.0,2.0,86.0,90.0,4.0,,,,,,,,,,,,,0
PRY,Paraguay,7219641.0,2002.0,38.6,24.5,62.18299865722656,47.01258850097656,3.0,4.1,Paraguay,2020.0,7133.0,62.0,100.0,0.0,0.0,0.0,96.0,100.0,0.0,,,,,,,,,,,,,0
BIH,Bosnia and Herzegovina,3263459.0,2012.0,45.58,231.1,49.02000045776367,,3.4,2.4,Bosnia and Herzegovina,2020.0,3281.0,49.0,96.0,4.0,0.0,0.0,91.0,95.0,5.0,,,,,,,,,,,,,0
PNG,Papua New Guinea,9119005.0,,,158.9,13.345000267028809,,,2.1,Papua New Guinea,2020.0,8947.0,13.0,45.0,2.0,22.0,30.0,33.0,18.0,29.0,,,,,,,,,,,,,0
PAN,Panama,4381583.0,2000.0,42.6,154.0,68.41400146484375,43.338226318359375,4.4,3.0,Panama,2020.0,4315.0,68.0,94.0,2.0,2.0,1.0,94.0,93.0,3.0,,,,,,,,,,,,,0
QAT,Qatar,2930524.0,,,18.1,99.23500061035156,,5.3,185,Qatar,2020.0,2881.0,99.0,100.0,0.0,0.0,0.0,96.0,100.0,0.0,,,,,,,,,,,,,0
BWA,Botswana,2397240.0,1997.0,20.42,18.1,70.87699890136719,,5.3,29,Botswana,2020.0,2352.0,71.0,92.0,5.0,2.0,1.0,82.0,91.0,6.0,Botswana,-,-,-,,,156859.0,,414.0,,108.0,306.0,0
PLW,Palau,18174.0,,,47.5,80.98799896240234,,,,Palau,2020.0,18.0,81.0,100.0,0.0,0.0,0.0,91.0,86.0,14.0,,,,,,,,,,,,,0
PAK,Pakistan,225199929.0,2010.0,45.96,194.9,37.165000915527344,20.506162643432617,4.4,2.7,Pakistan,2020.0,220892.0,37.0,90.0,4.0,4.0,2.0,71.0,26.0,68.0,,,,,,,,,,,,,0
BRA,Brazil,213993441.0,2002.0,57.62,24.0,87.072998046875,42.43614196777344,3.9,4.5,Brazil,2020.0,212559.0,87.0,100.0,0.0,0.0,1.0,100.0,98.0,1.0,,,,,,,,,,,,,0
OMN,Oman,5223376.0,,,110.9,86.2760009765625,30.43968963623047,6.0,34,Oman,2020.0,5107.0,86.0,92.0,8.0,0.0,0.0,91.0,96.0,4.0,,,,,,,,,,,,,0
VGB,British Virgin Islands,30423.0,,,125.7,48.51499938964844,,,,British Virgin Islands,2020.0,30.0,49.0,100.0,0.0,0.0,0.0,98.0,96.0,4.0,,,,,,,,,,,,,0
NOR,Norway,5465629.0,2002.0,80.51,240.9,82.9739990234375,19.47234535217285,4.0,2.3,Norway,2020.0,5421.0,83.0,100.0,0.0,0.0,0.0,100.0,100.0,0.0,,,,,,,,,,,,,0
MNP,Northern Mariana Islands,57910.0,,,170.0,91.7979965209961,,,,Northern Mariana Islands,2020.0,58.0,92.0,100.0,0.0,0.0,0.0,94.0,90.0,10.0,,,,,,,,,,,,,0
MKD,North Macedonia,2082661.0,2005.0,57.66,266.5,58.48199844360352,,3.8,2.4,North Macedonia,2020.0,2083.0,58.0,98.0,2.0,0.0,0.0,96.0,92.0,7.0,,,,,,,,,,,,,0
BRN,Brunei,441532.0,,,52.0,78.25,,5.2,,Brunei Darussalam,2020.0,437.0,78.0,100.0,0.0,0.0,0.0,100.0,100.0,0.0,,,,,,,,,,,,,0
PRK,North Korea,25887045.0,,,252.1,62.38100051879883,12.00644302368164,,2.9,Republic of Korea,2020.0,51269.0,81.0,100.0,0.0,0.0,0.0,100.0,100.0,0.0,,,,,,,,,,,,,0
PSE,Palestine,5222756.0,,,277.5,76.71900177001953,,,,occupied Palestinian,2020.0,5101.0,77.0,98.0,1.0,1.0,,92.0,54.0,45.0,,,,,,,,,,,,,0
REU,Reunion,901696.0,,,387.3,,,,,Réunion,2020.0,895.0,100.0,100.0,0.0,0.0,0.0,100.0,100.0,0.0,,,,,,,,,,,,,0
ROU,Romania,19127772.0,,,126.7,54.19400024414063,9.366506576538086,3.8,2.4,Romania,2020.0,19238.0,54.0,100.0,0.0,0.0,0.0,82.0,64.0,36.0,,,,,,,,,,,,,0
BMU,Bermuda,62092.0,,,1.5,100.0,,,,Bermuda,2020.0,62.0,100.0,100.0,0.0,0.0,0.0,100.0,100.0,0.0,,,,,,,,,,,,,0
SVN,Slovenia,2078723.0,2001.0,79.25,249.6,55.11800003051758,,4.8,2.5,Slovenia,2020.0,2079.0,55.0,100.0,0.0,0.0,0.0,98.0,,,,,,,,,,,,,,,0
SVK,Slovakia,5460726.0,2002.0,55.89,156.0,53.7599983215332,,4.8,2.4,Slovakia,2020.0,5460.0,54.0,100.0,0.0,0.0,0.0,100.0,98.0,2.0,,,,,,,,,,,,,0
BGD,Bangladesh,166303494.0,2011.0,25.4,18.6,38.17699813842773,16.159564971923828,3.0,2.5,Bangladesh,2020.0,164689.0,38.0,98.0,1.0,0.0,0.0,82.0,15.0,83.0,,,,,,,,,,,,,0
SXM,Sint Maarten (Dutch part),43421.0,,,,100.0,,,,,,,,,,,,,,,,,,,,,,,,,,,0
SGP,Singapore,5896684.0,,,1.6,100.0,100.0,6.3,6.6,Singapore,2020.0,5850.0,100.0,100.0,0.0,0.0,0.0,100.0,100.0,0.0,,,,,,,,,,,,,0
SLE,Sierra Leone,8141343.0,2010.0,10.25,49.8,42.92300033569336,15.187630653381348,3.6,3.2,Sierra Leone,2020.0,7977.0,43.0,64.0,9.0,16.0,12.0,16.0,21.0,52.0,Sierra Leone,2016,See Table 1,No,11895.0,1461299.0,1394525.0,0.95,11351.0,25%,2838.0,8513.0,0
BRB,Barbados,287708.0,,,96.3,31.19099998474121,,,,Barbados,2020.0,287.0,31.0,99.0,0.0,1.0,0.0,98.0,99.0,0.0,,,,,,,,,,,,,0
SYC,Seychelles,98910.0,,,488.5,57.54600143432617,,,,Seychelles,2019.0,98.0,57.0,97.0,0.0,3.0,4.0,96.0,95.0,2.0,,,,,,,,,,,,,0
SRB,Serbia,8697547.0,,,167.3,56.44599914550781,20.42526626586914,4.2,,Serbia,2020.0,8737.0,56.0,95.0,4.0,0.0,0.0,93.0,94.0,5.0,,,,,,,,,,,,,0
SEN,Senegal,17196308.0,2010.0,16.6,24.4,48.12200164794922,18.78227424621582,4.2,14,Senegal,2020.0,16744.0,48.0,85.0,2.0,13.0,0.0,73.0,75.0,12.0,Senegal,2014,See Table 1,No,2903.0,1034549.0,1034665.0,1.0,2903.0,22%,639.0,2264.0,0
BLR,Belarus,9442867.0,2000.0,38.49,16.400000000000002,79.48300170898438,21.75671768188477,,2.5,Belarus,2020.0,9449.0,79.0,97.0,3.0,0.0,0.0,95.0,96.0,4.0,,,,,,,,,,,,,0
SAU,Saudi Arabia,35340680.0,,,91.4,84.28700256347656,47.98876953125,5.9,223,Saudi Arabia,2020.0,34814.0,84.0,100.0,0.0,0.0,0.0,100.0,84.0,16.0,,,,,,,,,,,,,0
STP,Sao Tome and Principe,223364.0,2008.0,13.6,234.7,74.35399627685547,,,,Sao Tome and Principe,2020.0,219.0,74.0,78.0,20.0,0.0,1.0,36.0,97.0,1.0,,,,,,,,,,,,,0
BEL,Belgium,11632334.0,2002.0,72.77,38.8,98.0790023803711,27.14656639099121,5.5,2.9,Belgium,2020.0,11590.0,98.0,100.0,0.0,0.0,0.0,100.0,100.0,0.0,,,,,,,,,,,,,0
SMR,San Marino,34010.0,,,180.2,97.4990005493164,,,,San Marino,2020.0,34.0,97.0,100.0,0.0,0.0,0.0,100.0,100.0,0.0,,,,,,,,,,,,,0
WSM,Samoa,200144.0,,,167.70000000000002,17.888999938964844,,,,Samoa,2020.0,198.0,18.0,92.0,7.0,1.0,0.0,91.0,84.0,14.0,,,,,,,,,,,,,0
VCT,Saint Vincent and the Grenadines,111269.0,,,307.1,53.03200149536133,,,,Saint Vincent and the Grenadines,2018.0,110.0,52.0,95.0,0.0,5.0,0.0,94.0,93.0,2.0,,,,,,,,,,,,,0
BLZ,Belize,404915.0,2011.0,70.92,60.7,46.025001525878906,,,,Belize,2020.0,398.0,46.0,98.0,1.0,0.0,0.0,97.0,87.0,13.0,,,,,,,,,,,,,0
SPM,Saint Pierre and Miquelon,5771.0,,,83.3,,,,,Saint Pierre and Miquelon,2020.0,6.0,90.0,91.0,0.0,9.0,0.0,83.0,91.0,0.0,,,,,,,,,,,,,0
MAF,Saint Martin (French part),39239.0,,,,,,,,Saint Martin,2020.0,39.0,100.0,100.0,0.0,0.0,0.0,100.0,100.0,0.0,,,,,,,,,,,,,0
LCA,Saint Lucia,184401.0,,,214.7,18.840999603271484,,,,Saint Lucia,2020.0,184.0,19.0,97.0,2.0,1.0,0.0,94.0,97.0,2.0,,,,,,,,,,,,,0
KNA,Saint Kitts and Nevis,53546.0,,,0.6,30.843000411987305,,,,Saint Kitts and Nevis,2017.0,52.0,31.0,99.0,0.0,1.0,0.0,98.0,98.0,0.0,,,,,,,,,,,,,0
SHN,Saint Helena,6095.0,,,386.3,,,,,Saint Helena,2020.0,6.0,40.0,100.0,0.0,0.0,0.0,99.0,98.0,0.0,,,,,,,,,,,,,0
,Saint Barthlemy,9909.0,,,,74.95906066894531,26.14573097229004,,,,,,,,,,,,,,,,,,,,,,,,,,0
RWA,Rwanda,13276517.0,2010.0,15.2,330.90000000000003,17.43199920654297,8.811395645141602,3.8,4.3,Rwanda,2020.0,12952.0,17.0,60.0,22.0,13.0,4.0,12.0,38.0,44.0,Rwanda,2008-09,See Table 1,Multiplied 279 HPs by 4.20 based on data from MOH et al. (2009)c,1171.0,3073376.0,3817964.0,1.24,1455.0,16%,233.0,1222.0,0
BEN,Benin,12451031.0,2006.0,39.5,14.099999999999998,48.415000915527344,,4.2,4.5,Benin,2020.0,12123.0,48.0,65.0,9.0,22.0,3.0,25.0,37.0,38.0,Benin,2016,See Table 1,No,13003.0,2579406.0,2506177.0,0.97,12634.0,12%,1516.0,11118.0,0
RUS,Russia,145912022.0,2002.0,22.85,94.0,74.75399780273438,23.587343215942383,4.2,2.6,Russian Federation,2020.0,145934.0,75.0,97.0,0.0,2.0,,76.0,94.0,4.0,,,,,,,,,,,,,0
NGA,Nigeria,211400704.0,2011.0,21.57,31.2,51.95800018310547,17.011302947998047,3.8,3.5,Nigeria,2020.0,206140.0,52.0,78.0,5.0,12.0,6.0,29.0,10.0,72.0,Nigeria,2006,See Table 1,Multiplied 25470 HPs by 1.04 based on data from ODA (2015)c,26423.0,34256716.0,52581247.0,1.53,40557.0,42%,17034.0,23523.0,0
ZWE,Zimbabwe,15092171.0,2010.0,22.6,119.4,32.242000579833984,10.216167449951172,4.5,3.6,Zimbabwe,2020.0,14863.0,32.0,63.0,14.0,16.0,7.0,31.0,27.0,49.0,Zimbabwe,2014-17,See Table 1,Multiplied 29986 by 1.45 based on data from ZNSA (2012)c,43480.0,5964541.0,5964541.0,1.0,43480.0,28%,12174.0,31306.0,0
ROM,,,2000.0,17.94,,,,,,,,,,,,,,,,,,,,,,,,,,,,,0
ZZZX,,,2010.0,57.16,,,,,,,,,,,,,,,,,,,,,,,,,,,,,0
NFK,,,,,115.4,,,,,,,,,,,,,,,,,,,,,,,,,,,,0
PCN,,,,,40.400000000000006,,,,,,,,,,,,,,,,,,,,,,,,,,,,0
UMI,,,,,0.5,,,,,,,,,,,,,,,,,,,,,,,,,,,,0
CXR,,,,,132.1,,,,,,,,,,,,,,,,,,,,,,,,,,,,0
CCK,,,,,1.5,,,,,,,,,,,,,,,,,,,,,,,,,,,,0
IOT,,,,,1.7999999999999998,,,,,,,,,,,,,,,,,,,,,,,,,,,,0
BLM,,,,,,,,,,Saint Barthelemy,2020.0,10.0,100.0,100.0,0.0,0.0,0.0,100.0,100.0,0.0,,,,,,,,,,,,,0
